cycle,length(butterfly),nb_reproductions,nb_deaths_predation,nb_deaths_natural,nb_deaths_total,nb_black,nb_white,nb_gray,nb_BB,nb_WW,nb_BW,nb_allele_B,nb_allele_W
0,200,0,0,0,0,0,0,0,64,49,87,215,185
1,216,20,1,3,4,63,47,86,68,51,97,233,199
2,226,12,0,2,2,68,49,97,69,50,107,245,207
3,241,17,0,2,2,69,48,107,72,49,120,264,218
4,258,18,0,1,1,72,49,119,83,49,126,292,224
5,276,21,0,3,3,82,47,126,86,53,137,309,243
6,304,30,0,2,2,85,53,136,98,58,148,344,264
7,325,23,0,2,2,97,58,147,105,63,157,367,283
8,354,34,0,5,5,104,61,155,117,67,170,404,304
9,382,30,0,2,2,116,67,169,128,73,181,437,327
10,417,35,0,0,0,128,73,181,143,80,194,480,354
11,450,41,0,8,8,140,79,190,156,84,210,522,378
12,489,46,0,7,7,153,83,207,164,92,233,561,417
13,531,46,0,4,4,164,90,231,181,98,252,614,448
14,572,43,0,2,2,180,98,251,194,106,272,660,484
15,600,37,0,9,9,192,104,267,209,109,282,700,500
16,600,5,0,5,5,207,108,280,209,110,281,699,501
17,600,6,0,6,6,207,110,277,210,110,280,700,500
18,600,3,0,3,3,209,110,278,210,111,279,699,501
19,598,7,2,7,9,204,110,277,207,110,281,695,501
20,598,9,2,7,9,206,108,275,209,109,280,698,498
21,600,12,0,10,10,206,108,274,209,110,281,699,501
22,599,5,1,5,6,208,107,279,209,109,281,699,499
23,600,6,0,5,5,206,109,279,210,109,281,701,499
24,600,6,0,6,6,209,108,277,212,108,280,704,496
25,599,6,1,6,7,212,106,275,214,108,277,705,493
26,599,5,1,4,5,212,107,275,212,108,279,703,495
27,599,8,1,7,8,209,105,277,211,109,279,701,497
28,600,7,0,6,6,211,108,274,212,110,278,702,498
29,600,8,0,8,8,211,110,271,213,110,277,703,497
30,600,9,0,9,9,211,109,271,216,111,273,705,495
31,600,6,0,6,6,215,110,269,218,112,270,706,494
32,598,2,0,4,4,218,111,267,219,112,267,705,491
33,600,5,0,3,3,218,111,266,219,111,270,708,492
34,600,1,0,1,1,218,111,270,218,111,271,707,493
35,600,4,0,4,4,215,111,270,217,112,271,705,495
36,600,5,0,5,5,215,112,268,215,113,272,702,498
37,600,5,0,5,5,212,113,270,213,115,272,698,502
38,600,7,0,7,7,211,114,268,215,114,271,701,499
39,600,10,0,10,10,213,113,264,217,117,266,700,500
40,599,5,0,6,6,213,116,265,215,117,267,697,501
41,599,4,0,4,4,214,117,264,215,117,267,697,501
42,600,8,0,7,7,212,115,265,214,117,269,697,503
43,599,4,0,5,5,210,117,268,212,118,269,693,505
44,600,11,0,10,10,210,115,264,215,119,266,696,504
45,600,4,0,4,4,213,118,265,216,118,266,698,502
46,600,8,0,8,8,213,116,263,219,117,264,702,498
47,599,1,1,1,2,218,117,263,218,117,264,700,498
48,599,7,1,6,7,214,116,262,217,116,266,700,498
49,599,7,1,6,7,214,116,262,217,117,265,699,499
50,600,12,0,11,11,214,116,258,217,119,264,698,502
51,600,7,0,7,7,214,118,261,217,118,265,699,501
52,599,2,0,3,3,217,118,262,217,120,262,696,502
53,598,7,2,6,8,215,120,256,219,120,259,697,499
54,600,9,0,7,7,216,120,255,220,121,259,699,501
55,600,2,0,2,2,219,121,258,220,121,259,699,501
56,600,5,0,5,5,219,119,257,220,119,261,701,499
57,599,6,1,6,7,218,116,259,219,117,263,701,497
58,600,4,0,3,3,218,116,262,219,116,265,703,497
59,600,12,0,12,12,216,114,258,221,117,262,704,496
60,600,9,0,9,9,219,114,258,222,115,263,707,493
61,598,4,2,4,6,218,115,261,220,115,263,703,493
62,599,9,1,7,8,215,114,261,217,120,262,696,502
63,599,5,1,4,5,214,118,262,217,119,263,697,501
64,600,10,0,9,9,216,117,257,221,120,259,701,499
65,600,4,0,4,4,221,118,257,224,118,258,706,494
66,600,7,0,7,7,222,117,254,225,119,256,706,494
67,600,2,0,2,2,224,119,255,224,119,257,705,495
68,598,5,1,6,7,219,119,255,219,120,259,697,499
69,600,12,0,10,10,215,119,254,219,120,261,699,501
70,600,2,0,2,2,219,120,259,219,121,260,698,502
71,600,9,0,9,9,215,120,256,218,122,260,696,504
72,600,4,0,4,4,217,121,258,219,122,259,697,503
73,599,1,0,2,2,218,121,259,218,121,260,696,502
74,599,6,1,5,6,217,120,256,220,120,259,699,499
75,598,8,2,7,9,217,120,253,220,123,255,695,501
76,600,8,0,6,6,217,122,253,220,124,256,696,504
77,598,4,2,4,6,219,122,253,220,123,255,695,501
78,598,10,2,8,10,217,120,251,221,121,256,698,498
79,599,7,1,5,6,218,120,254,221,121,257,699,499
80,599,6,1,5,6,218,120,255,221,122,256,698,500
81,599,5,1,4,5,217,122,255,219,123,257,695,503
82,600,5,0,4,4,219,121,255,219,121,260,698,502
83,600,4,0,4,4,218,119,259,219,119,262,700,500
84,600,4,0,4,4,217,118,261,219,118,263,701,499
85,600,5,0,5,5,219,115,261,221,115,264,706,494
86,599,7,1,7,8,215,114,263,217,116,266,700,498
87,599,6,1,5,6,214,115,264,215,117,267,697,501
88,598,6,1,6,7,215,115,262,218,116,264,700,496
89,600,7,0,5,5,216,114,263,219,115,266,704,496
90,599,8,1,8,9,218,113,260,221,114,264,706,492
91,600,5,0,4,4,221,111,263,221,111,268,710,490
92,600,5,0,5,5,219,109,267,221,109,270,712,488
93,600,5,0,5,5,218,109,268,221,110,269,711,489
94,598,7,2,7,9,216,107,268,218,107,273,709,487
95,600,12,0,10,10,213,106,269,219,109,272,710,490
96,600,9,0,9,9,215,106,270,220,106,274,714,486
97,600,7,0,7,7,216,105,272,221,105,274,716,484
98,599,4,0,5,5,218,104,273,220,105,274,714,484
99,600,5,0,4,4,219,104,272,222,105,273,717,483
100,599,9,1,9,10,220,101,269,224,101,274,722,476
101,600,10,0,9,9,221,97,272,224,99,277,725,475
102,599,9,1,9,10,221,99,270,226,100,273,725,473
103,599,4,1,3,4,224,100,271,227,100,272,726,472
104,598,6,0,7,7,223,99,270,226,99,273,725,471
105,600,9,0,7,7,224,99,268,227,100,273,727,473
106,599,2,0,3,3,226,100,271,226,100,273,725,473
107,600,8,0,7,7,221,100,271,223,101,276,722,478
108,600,9,0,9,9,219,101,271,223,103,274,720,480
109,600,3,0,3,3,222,102,273,223,102,275,721,479
110,600,5,0,5,5,221,101,273,225,102,273,723,477
111,600,5,0,5,5,222,101,272,224,103,273,721,479
112,599,3,1,3,4,222,103,271,222,103,274,718,480
113,600,6,0,5,5,222,102,270,224,103,273,721,479
114,600,4,0,4,4,222,102,272,223,102,275,721,479
115,599,6,1,6,7,219,101,273,220,101,278,718,480
116,600,8,0,7,7,219,100,273,223,100,277,723,477
117,599,9,1,9,10,221,96,273,224,97,278,726,472
118,600,7,0,6,6,222,94,277,226,96,278,730,470
119,599,2,0,3,3,226,95,276,226,95,278,730,468
120,600,10,0,9,9,222,94,274,226,96,278,730,470
121,600,9,0,9,9,223,94,274,227,94,279,733,467
122,600,4,0,4,4,226,93,277,227,93,280,734,466
123,599,5,0,6,6,223,93,278,225,93,281,731,467
124,599,10,1,9,10,221,91,277,225,91,283,733,465
125,600,6,0,5,5,224,90,280,227,90,283,737,463
126,600,5,0,5,5,226,90,279,228,91,281,737,463
127,598,7,1,8,9,225,90,276,228,91,279,735,461
128,600,8,0,6,6,227,90,275,229,92,279,737,463
129,599,9,1,9,10,226,89,275,228,91,280,736,462
130,600,11,0,10,10,225,90,274,230,91,279,739,461
131,600,3,0,3,3,228,90,279,231,90,279,741,459
132,600,6,0,6,6,229,90,275,232,92,276,740,460
133,600,3,0,3,3,231,92,274,231,92,277,739,461
134,600,6,0,6,6,229,90,275,232,90,278,742,458
135,600,7,0,7,7,230,89,274,234,89,277,745,455
136,600,6,0,6,6,231,87,276,231,91,278,740,460
137,599,4,0,5,5,229,91,275,231,91,277,739,459
138,600,12,0,11,11,229,89,270,233,91,276,742,458
139,600,6,0,6,6,230,90,274,231,92,277,739,461
140,600,5,0,5,5,229,92,274,230,93,277,737,463
141,599,3,1,3,4,230,92,274,230,93,276,736,462
142,600,8,0,7,7,227,92,273,228,93,279,735,465
143,600,10,0,10,10,223,90,277,231,90,279,741,459
144,600,6,0,6,6,228,89,277,231,89,280,742,458
145,599,9,1,9,10,231,86,273,236,87,276,748,450
146,600,8,0,7,7,230,87,275,235,89,276,746,454
147,600,3,0,3,3,235,89,273,237,90,273,747,453
148,600,9,0,9,9,234,89,268,236,91,273,745,455
149,600,7,0,7,7,233,90,270,236,92,272,744,456
150,599,8,1,8,9,233,90,268,236,90,273,745,453
151,599,3,1,2,3,235,89,272,236,89,274,746,452
152,600,3,0,2,2,236,89,272,238,89,273,749,451
153,600,1,0,1,1,238,89,272,238,89,273,749,451
154,600,8,0,8,8,235,88,269,238,90,272,748,452
155,599,7,1,7,8,236,90,266,239,90,270,748,450
156,599,7,1,6,7,236,88,268,238,88,273,749,449
157,600,9,0,8,8,233,88,270,235,91,274,744,456
158,600,9,0,9,9,230,90,271,232,91,277,741,459
159,598,3,1,4,5,230,89,276,230,89,279,739,457
160,599,11,0,10,10,227,87,274,234,90,275,743,455
161,600,5,0,4,4,232,90,273,234,90,276,744,456
162,600,4,0,4,4,233,90,273,234,91,275,743,457
163,598,2,2,2,4,233,91,272,233,91,274,740,456
164,600,9,0,7,7,230,90,271,234,92,274,742,458
165,599,5,1,5,6,232,92,270,233,94,272,738,460
166,600,5,0,4,4,231,94,270,233,95,272,738,462
167,600,4,0,4,4,230,95,271,232,96,272,736,464
168,599,10,0,11,11,230,95,264,234,96,269,737,461
169,599,10,1,9,10,231,93,265,235,97,267,737,461
170,599,15,1,14,15,230,94,260,235,96,268,738,460
171,600,4,0,3,3,234,96,266,236,97,267,739,461
172,600,2,0,2,2,236,96,266,237,96,267,741,459
173,600,6,0,6,6,233,96,265,235,97,268,738,462
174,600,4,0,4,4,233,97,266,233,97,270,736,464
175,599,1,1,1,2,232,97,269,233,97,269,735,463
176,600,6,0,5,5,230,97,267,231,97,272,734,466
177,600,4,0,4,4,230,97,269,233,97,270,736,464
178,600,7,0,7,7,232,96,265,235,98,267,737,463
179,600,6,0,6,6,234,97,263,237,99,264,738,462
180,600,7,0,7,7,236,98,259,240,99,261,741,459
181,600,5,0,5,5,238,98,259,241,99,260,742,458
182,600,5,0,5,5,238,98,259,241,99,260,742,458
183,600,9,0,9,9,237,97,257,240,98,262,742,458
184,600,7,0,7,7,238,98,257,239,100,261,739,461
185,600,4,0,4,4,237,98,261,237,100,263,737,463
186,600,6,0,6,6,235,99,260,237,101,262,736,464
187,599,5,1,5,6,235,100,259,236,101,262,734,464
188,600,8,0,7,7,234,100,258,237,101,262,736,464
189,600,6,0,6,6,235,98,261,236,99,265,737,463
190,600,3,0,3,3,235,99,263,238,99,263,739,461
191,600,2,0,2,2,238,99,261,239,100,261,739,461
192,600,3,0,3,3,238,100,259,238,100,262,738,462
193,600,8,0,8,8,237,96,259,241,96,263,745,455
194,599,8,0,9,9,236,94,261,240,95,264,744,454
195,600,9,0,8,8,236,94,261,239,96,265,743,457
196,600,4,0,4,4,237,95,264,240,95,265,745,455
197,600,8,0,8,8,237,95,260,240,98,262,742,458
198,600,7,0,7,7,237,98,258,239,100,261,739,461
199,600,6,0,6,6,237,100,257,241,102,257,739,461
200,600,6,0,6,6,239,99,256,242,101,257,741,459
201,600,5,0,5,5,240,99,256,241,100,259,741,459
202,600,4,0,4,4,240,99,257,241,100,259,741,459
203,599,3,1,3,4,239,100,257,239,102,258,736,462
204,599,7,0,7,7,237,99,256,238,99,262,738,460
205,599,6,1,5,6,237,98,258,240,99,260,740,458
206,600,5,0,4,4,240,97,258,243,97,260,746,454
207,600,8,0,8,8,240,97,255,242,97,261,745,455
208,600,4,0,4,4,240,97,259,240,98,262,742,458
209,600,5,0,5,5,238,98,259,242,98,260,744,456
210,599,6,1,6,7,239,97,257,242,99,258,742,456
211,600,11,0,10,10,239,99,251,245,100,255,745,455
212,599,6,1,6,7,241,100,252,244,101,254,742,456
213,598,5,1,5,6,241,99,253,244,101,253,741,455
214,600,9,0,7,7,241,99,251,245,101,254,744,456
215,600,7,0,7,7,242,98,253,247,99,254,748,452
216,599,5,1,5,6,242,98,254,243,98,258,744,454
217,600,3,0,2,2,242,97,258,243,97,260,746,454
218,600,4,0,4,4,241,97,258,243,98,259,745,455
219,600,5,0,5,5,240,98,257,241,99,260,742,458
220,600,4,0,4,4,240,97,259,242,97,261,745,455
221,600,6,0,6,6,239,97,258,241,97,262,744,456
222,600,4,0,4,4,241,97,258,242,97,261,745,455
223,600,3,0,3,3,240,97,260,240,97,263,743,457
224,599,7,1,7,8,239,94,259,242,94,263,747,451
225,600,3,0,2,2,240,94,263,242,95,263,747,453
226,600,5,0,5,5,241,95,259,244,95,261,749,451
227,599,7,1,7,8,243,92,257,245,94,260,750,448
228,599,5,1,4,5,244,94,256,245,94,260,750,448
229,600,5,0,4,4,242,94,259,245,95,260,750,450
230,600,5,0,5,5,243,94,258,244,95,261,749,451
231,599,4,1,4,5,243,95,257,245,95,259,749,449
232,599,10,1,9,10,242,93,254,245,95,259,749,449
233,600,11,0,10,10,242,93,254,250,93,257,757,443
234,599,5,1,5,6,247,93,254,248,94,257,753,445
235,600,6,0,5,5,245,94,255,245,96,259,749,451
236,599,5,1,5,6,244,95,255,246,96,257,749,449
237,600,4,0,3,3,245,96,255,248,96,256,752,448
238,600,5,0,5,5,244,96,255,246,96,258,750,450
239,600,9,0,9,9,241,94,256,245,94,261,751,449
240,600,6,0,6,6,242,94,258,245,95,260,750,450
241,600,8,0,8,8,244,93,255,246,94,260,752,448
242,600,6,0,6,6,245,93,256,248,93,259,755,445
243,599,4,1,4,5,244,92,259,246,92,261,753,445
244,600,9,0,8,8,246,89,256,251,91,258,760,440
245,600,5,0,5,5,248,91,256,249,91,260,758,442
246,599,6,1,6,7,247,90,256,250,90,259,759,439
247,599,11,1,10,11,244,89,255,249,90,260,758,440
248,600,6,0,5,5,246,90,258,247,90,263,757,443
249,599,5,0,6,6,247,89,258,248,90,261,757,441
250,599,6,1,5,6,245,90,258,247,90,262,756,442
251,599,5,1,4,5,247,89,258,249,89,261,759,439
252,599,5,1,4,5,248,89,257,250,89,260,760,438
253,600,7,0,6,6,248,89,256,251,91,258,760,440
254,599,9,1,9,10,250,88,253,253,88,258,764,434
255,600,12,0,11,11,246,87,255,252,89,259,763,437
256,599,6,0,7,7,249,88,256,251,89,259,761,437
257,599,4,1,3,4,247,89,259,249,89,261,759,439
258,600,6,0,5,5,248,89,257,251,89,260,762,438
259,600,2,0,2,2,250,89,259,252,89,259,763,437
260,599,6,1,6,7,249,89,255,252,89,258,762,436
261,600,3,0,2,2,251,89,257,252,89,259,763,437
262,600,5,0,5,5,251,89,255,252,90,258,762,438
263,599,5,1,5,6,248,90,256,250,90,259,759,439
264,599,7,1,6,7,245,89,258,246,90,263,755,443
265,600,4,0,3,3,246,88,262,247,88,265,759,441
266,600,6,0,6,6,244,87,263,247,89,264,758,442
267,600,4,0,4,4,244,89,263,246,90,264,756,444
268,600,6,0,6,6,243,88,263,248,88,264,760,440
269,600,7,0,7,7,246,86,261,249,86,265,763,437
270,600,4,0,4,4,247,86,263,249,86,265,763,437
271,600,6,0,6,6,247,85,262,250,85,265,765,435
272,600,6,0,6,6,245,85,264,248,85,267,763,437
273,599,6,1,6,7,245,85,263,247,85,267,761,437
274,600,8,0,7,7,242,84,266,246,85,269,761,439
275,598,6,2,6,8,242,84,266,245,86,267,757,439
276,598,10,0,10,10,241,85,262,245,87,266,756,440
277,600,9,0,7,7,244,85,262,250,85,265,765,435
278,600,5,0,5,5,248,84,263,253,84,263,769,431
279,600,8,0,8,8,248,84,260,252,86,262,766,434
280,600,5,0,5,5,251,84,260,254,85,261,769,431
281,600,3,0,3,3,253,85,259,255,85,260,770,430
282,600,5,0,5,5,252,84,259,255,85,260,770,430
283,599,7,1,7,8,251,85,256,253,87,259,765,433
284,600,7,0,6,6,250,87,256,254,88,258,766,434
285,600,5,0,5,5,252,88,255,255,88,257,767,433
286,600,8,0,8,8,253,87,252,258,88,254,770,430
287,600,3,0,3,3,255,88,254,257,89,254,768,432
288,600,4,0,4,4,254,89,253,255,91,254,764,436
289,600,8,0,8,8,252,90,250,254,91,255,763,437
290,600,4,0,4,4,252,90,254,253,92,255,761,439
291,600,8,0,8,8,252,92,248,254,95,251,759,441
292,598,3,1,4,5,251,95,249,252,95,251,755,441
293,600,10,0,8,8,249,95,246,255,95,250,760,440
294,600,1,0,1,1,254,95,250,254,96,250,758,442
295,600,3,0,3,3,253,95,249,255,95,250,760,440
296,600,8,0,8,8,251,91,250,255,93,252,762,438
297,600,3,0,3,3,254,93,250,254,94,252,760,440
298,599,7,1,7,8,251,92,249,255,93,251,761,437
299,599,8,1,7,8,254,92,245,258,93,248,764,434
300,600,5,0,4,4,257,92,246,260,93,247,767,433
301,599,2,1,2,3,260,93,244,260,93,246,766,432
302,599,9,1,8,9,255,91,244,258,93,248,764,434
303,599,8,1,7,8,254,92,245,256,95,248,760,438
304,600,7,0,6,6,255,94,244,260,94,246,766,434
305,600,10,0,10,10,255,92,243,258,94,248,764,436
306,600,2,0,2,2,257,93,248,257,94,249,763,437
307,600,4,0,4,4,256,94,246,257,94,249,763,437
308,599,6,1,6,7,255,93,245,256,95,248,760,438
309,599,11,1,10,11,253,94,241,261,94,244,766,432
310,600,7,0,6,6,259,94,240,262,94,244,768,432
311,599,7,0,8,8,257,93,242,260,94,245,765,433
312,599,9,0,9,9,257,94,239,258,95,246,762,436
313,599,11,1,10,11,251,95,242,256,96,247,759,439
314,599,8,0,8,8,251,95,245,254,95,250,758,440
315,599,5,1,4,5,251,95,248,253,96,250,756,442
316,600,10,0,9,9,247,96,247,252,96,252,756,444
317,600,11,0,11,11,248,95,246,252,97,251,755,445
318,600,5,0,5,5,250,95,250,253,95,252,758,442
319,600,3,0,3,3,252,93,252,254,93,253,761,439
320,600,3,0,3,3,252,93,252,254,93,253,761,439
321,600,7,0,7,7,250,91,252,251,92,257,759,441
322,598,4,1,5,6,249,91,254,252,91,255,759,437
323,600,6,0,4,4,248,91,255,251,93,256,758,442
324,599,9,1,9,10,244,92,254,245,95,259,749,449
325,600,8,0,7,7,242,95,255,246,97,257,749,451
326,599,7,0,8,8,245,96,251,247,98,254,748,450
327,600,7,0,6,6,244,96,253,246,96,258,750,450
328,600,4,0,4,4,246,94,256,249,94,257,755,445
329,600,1,0,1,1,248,94,257,249,94,257,755,445
330,598,6,2,6,8,246,92,254,249,94,255,753,443
331,600,3,0,1,1,248,94,255,249,94,257,755,445
332,599,7,0,8,8,244,94,254,248,96,255,751,447
333,599,7,1,6,7,247,94,251,249,94,256,754,444
334,600,8,0,7,7,247,92,253,248,95,257,753,447
335,599,9,1,9,10,242,91,257,246,93,260,752,446
336,600,12,0,11,11,243,91,254,247,94,259,753,447
337,600,6,0,6,6,246,91,257,247,92,261,755,445
338,600,1,0,1,1,246,92,261,247,92,261,755,445
339,600,5,0,5,5,244,91,260,246,91,263,755,445
340,600,7,0,7,7,243,90,260,247,92,261,755,445
341,600,5,0,5,5,243,92,260,246,93,261,753,447
342,599,4,1,4,5,244,92,259,245,93,261,751,447
343,599,9,1,8,9,243,93,254,246,94,259,751,447
344,600,5,0,4,4,244,94,257,246,94,260,752,448
345,600,6,0,6,6,244,94,256,247,95,258,752,448
346,598,10,2,10,12,243,93,252,247,94,257,751,445
347,600,6,0,4,4,245,93,256,247,93,260,754,446
348,598,6,2,6,8,244,92,256,248,92,258,754,442
349,599,13,1,11,12,241,92,253,247,95,257,751,447
350,600,6,0,5,5,247,94,253,250,96,254,754,446
351,600,8,0,8,8,247,95,250,247,98,255,749,451
352,600,8,0,8,8,246,96,250,250,97,253,753,447
353,600,2,0,2,2,250,96,252,251,96,253,755,445
354,599,5,0,6,6,248,96,250,250,97,252,752,446
355,600,10,0,9,9,248,95,247,253,95,252,758,442
356,599,3,1,3,4,250,95,251,251,96,252,754,444
357,599,10,1,9,10,248,94,247,254,95,250,758,440
358,600,7,0,6,6,251,94,248,255,95,250,760,440
359,599,7,1,7,8,253,92,247,257,92,250,764,434
360,599,5,1,4,5,254,92,248,254,94,251,759,439
361,600,11,0,10,10,252,93,244,258,94,248,764,436
362,598,7,2,7,9,257,94,240,260,96,242,762,434
363,598,7,1,6,7,258,94,239,262,94,242,766,430
364,600,10,0,8,8,260,91,239,263,91,246,772,428
365,600,6,0,6,6,259,90,245,261,92,247,769,431
366,599,8,1,8,9,260,89,242,262,91,246,770,428
367,600,8,0,7,7,260,90,242,263,90,247,773,427
368,600,4,0,4,4,260,89,247,263,89,248,774,426
369,600,7,0,7,7,261,87,245,265,88,247,777,423
370,600,5,0,5,5,263,87,245,264,87,249,777,423
371,600,8,0,8,8,259,87,246,264,88,248,776,424
372,599,8,0,9,9,258,87,246,262,87,250,774,424
373,600,4,0,3,3,262,86,248,264,86,250,778,422
374,600,4,0,4,4,261,86,249,262,86,252,776,424
375,599,5,1,5,6,260,84,250,262,84,253,777,421
376,600,7,0,6,6,259,84,250,260,85,255,775,425
377,600,5,0,5,5,260,83,252,262,83,255,779,421
378,600,5,0,5,5,262,81,252,264,81,255,783,417
379,600,1,0,1,1,264,80,255,264,80,256,784,416
380,600,7,0,7,7,260,80,253,263,82,255,781,419
381,598,4,1,5,6,262,80,252,264,80,254,782,414
382,600,7,0,5,5,262,80,251,266,81,253,785,415
383,599,5,1,5,6,264,81,249,268,81,250,786,412
384,600,9,0,8,8,263,80,248,267,80,253,787,413
385,599,4,1,4,5,266,78,251,268,78,253,789,409
386,599,13,1,12,13,263,73,251,270,74,255,795,403
387,600,9,0,8,8,266,73,252,271,75,254,796,404
388,599,7,1,7,8,268,75,249,271,76,252,794,404
389,600,6,0,5,5,267,76,251,268,76,256,792,408
390,600,4,0,4,4,267,75,254,270,75,255,795,405
391,599,9,1,9,10,266,72,252,270,75,254,794,404
392,599,8,1,7,8,268,73,250,272,74,253,797,401
393,600,10,0,9,9,265,73,252,270,74,256,796,404
394,599,5,1,5,6,268,74,252,272,74,253,797,401
395,598,9,2,8,10,266,72,251,269,76,253,791,405
396,599,12,1,10,11,266,73,248,272,74,253,797,401
397,599,8,0,8,8,266,74,251,270,77,252,792,406
398,600,4,0,3,3,269,77,250,271,77,252,794,406
399,596,9,1,12,13,267,72,248,272,73,251,795,397
400,600,7,0,3,3,271,73,249,273,74,253,799,401
401,599,8,1,8,9,270,71,250,275,72,252,802,396
402,600,10,0,9,9,271,71,248,276,74,250,802,398
403,599,5,1,5,6,273,73,248,275,73,251,801,397
404,600,6,0,5,5,273,73,248,275,75,250,800,400
405,600,9,0,9,9,271,74,246,273,75,252,798,402
406,598,10,2,10,12,266,74,248,269,75,254,792,404
407,600,13,0,11,11,262,75,250,266,77,257,789,411
408,600,3,0,3,3,266,77,254,266,78,256,788,412
409,599,9,1,9,10,264,76,250,268,78,253,789,409
410,599,7,1,6,7,265,77,250,268,79,252,788,410
411,600,10,0,9,9,264,77,249,268,79,253,789,411
412,600,7,0,7,7,264,79,250,266,81,253,785,415
413,600,8,0,8,8,265,77,250,270,78,252,792,408
414,599,9,1,9,10,265,76,249,270,76,253,793,405
415,600,4,0,3,3,269,75,252,272,75,253,797,403
416,600,4,0,4,4,272,75,249,274,75,251,799,401
417,600,3,0,3,3,271,75,251,271,75,254,796,404
418,599,6,1,6,7,268,74,251,271,74,254,796,402
419,600,8,0,7,7,268,72,252,271,72,257,799,401
420,599,3,1,3,4,270,71,255,271,71,257,799,399
421,600,9,0,8,8,266,70,255,275,70,255,805,395
422,599,5,0,6,6,272,68,254,273,68,258,804,394
423,600,7,0,6,6,272,67,254,274,68,258,806,394
424,598,4,2,4,6,271,66,257,272,67,259,803,393
425,599,8,1,6,7,269,67,255,273,68,258,804,394
426,599,5,1,4,5,270,68,256,275,68,256,806,392
427,600,4,0,3,3,275,67,254,277,67,256,810,390
428,600,8,0,8,8,273,67,252,278,67,255,811,389
429,600,5,0,5,5,276,66,253,277,66,257,811,389
430,599,7,1,7,8,272,66,254,274,68,257,805,393
431,600,11,0,10,10,269,67,253,275,67,258,808,392
432,600,6,0,6,6,272,67,255,274,67,259,807,393
433,600,9,0,9,9,269,67,255,274,68,258,806,394
434,600,6,0,6,6,270,68,256,273,68,259,805,395
435,600,13,0,13,13,271,66,250,280,67,253,813,387
436,599,5,1,5,6,277,65,252,279,66,254,812,386
437,600,3,0,2,2,277,66,254,279,66,255,813,387
438,600,4,0,4,4,278,65,253,281,65,254,816,384
439,600,5,0,5,5,277,65,253,280,65,255,815,385
440,600,4,0,4,4,276,65,255,279,65,256,814,386
441,600,3,0,3,3,278,65,254,280,65,255,815,385
442,600,5,0,5,5,278,64,253,281,64,255,817,383
443,600,5,0,5,5,279,63,253,282,65,253,817,383
444,600,6,0,6,6,277,65,252,282,65,253,817,383
445,599,9,1,9,10,275,64,251,279,67,253,811,387
446,600,13,0,12,12,273,67,247,281,69,250,812,388
447,600,1,0,1,1,281,69,249,282,69,249,813,387
448,600,6,0,6,6,280,68,246,281,70,249,811,389
449,599,1,0,2,2,279,70,249,280,70,249,809,389
450,600,11,0,10,10,274,69,246,278,70,252,808,392
451,600,6,0,6,6,276,70,248,280,71,249,809,391
452,599,8,0,9,9,276,71,244,279,73,247,805,393
453,599,6,1,5,6,275,73,245,277,73,249,803,395
454,600,9,0,8,8,271,72,248,275,72,253,803,397
455,598,3,1,4,5,274,72,249,276,72,250,802,394
456,599,4,1,2,3,276,72,247,278,72,249,805,393
457,598,6,2,5,7,276,71,245,278,72,248,804,392
458,600,8,0,6,6,276,71,245,281,71,248,810,390
459,600,6,0,6,6,280,70,244,281,73,246,808,392
460,600,4,0,4,4,279,71,246,282,71,247,811,389
461,600,7,0,7,7,275,71,247,278,73,249,805,395
462,599,3,0,4,4,275,73,248,276,73,250,802,396
463,600,7,0,6,6,274,70,249,275,71,254,804,396
464,600,6,0,6,6,272,71,251,274,72,254,802,398
465,600,3,0,3,3,273,71,253,276,71,253,805,395
466,600,4,0,4,4,274,71,251,278,71,251,807,393
467,600,7,0,7,7,275,70,248,281,70,249,811,389
468,600,3,0,3,3,278,70,249,279,71,250,808,392
469,600,6,0,6,6,277,70,247,280,70,250,810,390
470,600,5,0,5,5,279,68,248,282,68,250,814,386
471,598,8,0,10,10,279,68,243,284,69,245,813,383
472,600,5,0,3,3,284,68,243,286,68,246,818,382
473,600,8,0,8,8,283,68,241,287,70,243,817,383
474,600,4,0,4,4,284,70,242,286,71,243,815,385
475,600,3,0,3,3,285,71,241,287,72,241,815,385
476,600,5,0,5,5,286,70,239,289,70,241,819,381
477,599,6,0,7,7,285,69,239,286,69,244,816,382
478,600,6,0,5,5,284,67,243,287,67,246,820,380
479,599,6,1,6,7,284,67,242,287,68,244,818,380
480,600,6,0,5,5,286,67,241,289,68,243,821,379
481,599,6,1,6,7,285,68,240,287,69,243,817,381
482,600,8,0,7,7,285,68,239,288,69,243,819,381
483,600,8,0,8,8,286,68,238,288,68,244,820,380
484,600,6,0,6,6,284,67,243,288,68,244,820,380
485,599,7,0,8,8,283,68,241,287,68,244,818,380
486,598,9,1,9,10,283,66,240,288,66,244,820,376
487,598,6,2,4,6,286,64,242,288,65,245,821,375
488,599,10,1,8,9,285,62,242,290,62,247,827,371
489,599,7,1,6,7,286,62,244,291,62,246,828,370
490,600,7,0,6,6,289,62,242,292,63,245,829,371
491,599,4,1,4,5,292,62,241,294,62,243,831,367
492,600,8,0,7,7,289,60,243,294,60,246,834,366
493,600,3,0,3,3,292,60,245,292,61,247,831,369
494,599,9,0,10,10,288,59,243,292,59,248,832,366
495,599,9,1,8,9,288,58,244,292,59,248,832,366
496,600,3,0,2,2,292,58,247,295,58,247,837,363
497,600,4,0,4,4,294,58,244,296,60,244,836,364
498,600,3,0,3,3,295,60,242,297,61,242,836,364
499,599,8,1,8,9,294,59,238,297,59,243,837,361
500,597,8,1,9,10,295,56,238,297,57,243,837,357
501,600,9,0,6,6,294,57,240,297,57,246,840,360
502,600,7,0,7,7,295,55,243,300,55,245,845,355
503,600,7,0,7,7,297,55,241,301,56,243,845,355
504,597,8,2,9,11,294,55,240,300,55,242,842,352
505,599,8,1,5,6,299,54,238,302,56,241,845,353
506,600,6,0,5,5,300,56,238,303,57,240,846,354
507,599,3,1,3,4,300,57,239,302,57,240,844,354
508,598,7,1,7,8,298,56,237,302,57,239,843,353
509,600,6,0,4,4,300,57,237,304,57,239,847,353
510,599,4,0,5,5,300,57,238,303,57,239,845,353
511,599,5,1,4,5,301,56,237,303,57,239,845,353
512,600,7,0,6,6,299,57,237,301,57,242,844,356
513,600,7,0,7,7,297,57,239,301,58,241,843,357
514,597,3,1,5,6,295,58,241,296,58,243,835,359
515,600,4,0,1,1,295,58,243,295,60,245,835,365
516,600,8,0,8,8,290,59,243,293,61,246,832,368
517,599,9,0,10,10,289,61,240,295,61,243,833,365
518,599,3,0,3,3,293,60,243,294,60,245,833,365
519,600,7,0,6,6,291,60,242,297,60,243,837,363
520,598,6,2,6,8,293,59,240,297,59,242,836,360
521,599,6,1,4,5,294,59,240,296,60,243,835,363
522,600,8,0,7,7,292,60,240,298,60,242,838,362
523,599,9,1,9,10,291,59,240,298,59,242,838,360
524,600,6,0,5,5,295,59,240,298,60,242,838,362
525,600,2,0,2,2,297,60,241,298,60,242,838,362
526,600,3,0,3,3,295,60,242,297,61,242,836,364
527,600,6,0,6,6,295,61,238,296,62,242,834,366
528,600,5,0,5,5,293,62,240,297,62,241,835,365
529,598,5,0,7,7,292,61,240,294,61,243,831,365
530,599,8,1,6,7,290,60,241,293,60,246,832,366
531,600,11,0,10,10,291,60,238,297,63,240,834,366
532,599,5,1,5,6,296,61,237,298,62,239,835,363
533,600,3,0,2,2,296,62,239,297,63,240,834,366
534,600,7,0,7,7,293,63,237,297,65,238,832,368
535,600,5,0,5,5,295,65,235,297,65,238,832,368
536,599,6,1,6,7,295,64,234,298,65,236,832,366
537,599,7,0,7,7,296,63,233,297,63,239,833,365
538,598,9,1,9,10,294,61,234,299,61,238,836,360
539,599,5,1,3,4,297,61,236,298,61,240,836,362
540,599,10,1,9,10,294,61,234,300,61,238,838,360
541,600,13,0,12,12,299,59,229,308,59,233,849,351
542,598,7,0,9,9,304,59,228,309,59,230,848,348
543,600,13,0,11,11,302,58,227,308,60,232,848,352
544,599,8,0,9,9,304,60,227,307,61,231,845,353
545,600,13,0,12,12,302,60,225,308,61,231,847,353
546,600,3,0,3,3,307,61,229,309,61,230,848,352
547,597,5,2,6,8,307,60,225,310,60,227,847,347
548,600,8,0,5,5,308,58,226,312,58,230,854,346
549,600,7,0,7,7,309,57,227,313,57,230,856,344
550,600,6,0,6,6,311,56,227,316,56,228,860,340
551,599,11,1,11,12,308,54,226,310,55,234,854,344
552,600,8,0,7,7,307,54,231,314,54,232,860,340
553,600,4,0,4,4,312,54,230,312,54,234,858,342
554,599,4,1,4,5,309,54,232,312,54,233,857,341
555,599,2,1,1,2,312,54,231,313,54,232,858,340
556,600,8,0,7,7,308,53,231,313,54,233,859,341
557,597,5,1,7,8,307,54,231,309,55,233,851,343
558,600,7,0,4,4,307,55,231,310,55,235,855,345
559,599,2,0,3,3,309,54,234,309,54,236,854,344
560,600,4,0,3,3,307,54,235,308,55,237,853,347
561,599,1,1,1,2,308,55,235,309,55,235,853,345
562,600,4,0,3,3,308,55,233,309,55,236,854,346
563,600,4,0,4,4,307,55,234,308,55,237,853,347
564,600,8,0,8,8,304,54,234,309,54,237,855,345
565,600,4,0,4,4,308,53,235,309,53,238,856,344
566,599,11,1,11,12,299,52,237,305,53,241,851,347
567,600,7,0,6,6,303,53,237,308,54,238,854,346
568,600,8,0,8,8,305,54,233,309,55,236,854,346
569,599,6,1,6,7,306,54,233,307,56,236,850,348
570,600,5,0,4,4,304,56,235,309,56,235,853,347
571,600,9,0,9,9,302,56,233,306,56,238,850,350
572,600,7,0,7,7,302,55,236,308,55,237,853,347
573,600,2,0,2,2,308,55,235,309,56,235,853,347
574,599,4,1,4,5,305,56,234,305,57,237,847,351
575,599,7,1,6,7,301,56,235,304,56,239,847,351
576,599,5,1,4,5,301,56,237,306,56,237,849,349
577,600,7,0,6,6,302,55,236,305,56,239,849,351
578,600,2,0,2,2,304,56,238,305,56,239,849,351
579,600,5,0,5,5,303,55,237,306,55,239,851,349
580,600,7,0,7,7,303,54,236,307,56,237,851,349
581,600,8,0,8,8,301,56,235,306,57,237,849,351
582,600,8,0,8,8,300,57,235,300,59,241,841,359
583,599,8,1,8,9,295,58,239,300,58,241,841,357
584,600,7,0,6,6,297,58,238,298,59,243,839,361
585,600,4,0,4,4,297,58,241,299,58,243,841,359
586,600,7,0,7,7,294,58,241,299,58,243,841,359
587,600,7,0,7,7,298,58,237,302,59,239,843,357
588,600,4,0,4,4,299,59,238,302,59,239,843,357
589,600,6,0,6,6,301,58,235,304,58,238,846,354
590,598,6,2,6,8,301,58,233,305,58,235,845,351
591,599,6,1,4,5,302,58,233,305,58,236,846,352
592,600,5,0,4,4,301,58,236,304,59,237,845,355
593,600,11,0,11,11,297,59,233,302,59,239,843,357
594,600,4,0,4,4,301,58,237,302,59,239,843,357
595,600,7,0,7,7,300,57,236,302,59,239,843,357
596,599,5,1,5,6,301,59,234,302,59,238,842,356
597,599,9,1,8,9,297,58,235,300,61,238,838,360
598,599,10,0,10,10,294,60,235,301,60,238,840,358
599,600,3,0,2,2,300,60,237,302,61,237,841,359
600,600,8,0,8,8,298,58,236,305,58,237,847,353
601,600,2,0,2,2,304,58,236,305,58,237,847,353
602,600,6,0,6,6,304,58,232,308,58,234,850,350
603,600,6,0,6,6,307,57,230,309,57,234,852,348
604,600,8,0,8,8,303,56,233,307,57,236,850,350
605,600,7,0,7,7,305,57,231,308,57,235,851,349
606,600,6,0,6,6,305,57,232,310,58,232,852,348
607,599,11,1,11,12,303,57,228,307,58,234,848,350
608,599,5,1,4,5,305,58,231,309,58,232,850,348
609,600,5,0,4,4,306,58,231,308,59,233,849,351
610,600,3,0,3,3,307,59,231,307,59,234,848,352
611,600,3,0,3,3,306,59,232,307,59,234,848,352
612,600,9,0,9,9,303,59,229,305,61,234,844,356
613,600,5,0,5,5,301,61,233,303,61,236,842,358
614,600,4,0,4,4,299,61,236,300,61,239,839,361
615,599,6,1,6,7,298,60,235,302,61,236,840,358
616,600,7,0,6,6,301,61,231,306,61,233,845,355
617,600,8,0,8,8,300,60,232,305,61,234,844,356
618,600,10,0,10,10,300,61,229,303,62,235,841,359
619,599,8,1,8,9,300,62,229,304,64,231,839,359
620,600,4,0,3,3,303,64,229,306,64,230,842,358
621,600,7,0,7,7,304,63,226,308,63,229,845,355
622,599,2,1,2,3,307,63,227,309,63,227,845,353
623,600,11,0,10,10,304,61,224,308,62,230,846,354
624,600,8,0,8,8,303,62,227,305,63,232,842,358
625,600,8,0,8,8,304,63,225,306,63,231,843,357
626,599,5,1,5,6,301,62,231,302,62,235,839,359
627,599,8,0,8,8,296,61,234,302,61,236,840,358
628,599,5,1,4,5,299,61,234,300,63,236,836,362
629,599,7,0,7,7,296,61,235,298,61,240,836,362
630,597,10,1,11,12,293,59,235,298,61,238,834,360
631,600,8,0,5,5,295,61,236,301,62,237,839,361
632,600,6,0,6,6,298,60,236,301,60,239,841,359
633,599,7,1,7,8,298,58,236,301,58,240,842,356
634,599,6,1,5,6,298,58,237,300,60,239,839,359
635,599,9,1,8,9,297,57,236,303,57,239,845,353
636,600,8,0,7,7,300,55,237,304,56,240,848,352
637,600,1,0,1,1,303,56,240,303,56,241,847,353
638,599,6,0,7,7,299,55,239,302,56,241,845,353
639,600,4,0,3,3,300,56,240,303,56,241,847,353
640,599,6,1,6,7,299,54,240,300,54,245,845,353
641,600,5,0,4,4,298,53,244,300,53,247,847,353
642,600,9,0,9,9,295,53,243,301,53,246,848,352
643,599,5,1,5,6,297,53,244,300,54,245,845,353
644,600,6,0,5,5,297,53,244,300,53,247,847,353
645,600,2,0,2,2,298,53,247,299,53,248,846,354
646,600,5,0,5,5,298,53,244,302,53,245,849,351
647,599,1,0,2,2,301,53,244,301,53,245,847,351
648,599,3,1,2,3,300,53,243,302,53,244,848,350
649,599,11,1,10,11,298,53,237,304,54,241,849,349
650,600,10,0,9,9,299,54,237,304,55,241,849,351
651,600,5,0,5,5,302,55,238,303,55,242,848,352
652,599,5,0,6,6,299,55,240,303,55,241,847,351
653,599,6,1,5,6,299,55,239,302,55,242,846,352
654,600,6,0,5,5,299,55,240,302,56,242,846,354
655,599,4,0,5,5,301,56,238,304,56,239,847,351
656,600,5,0,4,4,302,55,238,307,55,238,852,348
657,600,9,0,9,9,301,55,235,303,56,241,847,353
658,599,7,1,7,8,296,56,240,300,56,243,843,355
659,600,5,0,4,4,296,56,243,297,58,245,839,361
660,600,6,0,6,6,293,56,245,298,56,246,842,358
661,599,9,0,10,10,293,55,242,299,55,245,843,355
662,600,9,0,8,8,296,53,242,302,53,245,849,351
663,600,8,0,8,8,299,53,240,305,53,242,852,348
664,600,6,0,6,6,304,53,237,305,53,242,852,348
665,599,5,1,5,6,302,53,239,305,53,241,851,347
666,599,6,0,6,6,302,53,238,306,53,240,852,346
667,600,3,0,2,2,306,53,238,309,53,238,856,344
668,600,4,0,4,4,307,53,236,311,53,236,858,342
669,600,7,0,7,7,308,52,233,313,52,235,861,339
670,600,4,0,4,4,310,52,234,311,52,237,859,341
671,599,8,0,9,9,306,52,233,310,54,235,855,343
672,600,6,0,5,5,306,54,234,310,55,235,855,345
673,600,7,0,7,7,305,54,234,309,55,236,854,346
674,598,8,2,8,10,303,55,232,308,55,235,851,345
675,600,8,0,6,6,305,54,233,311,55,234,856,344
676,598,3,2,3,5,309,54,232,310,54,234,854,342
677,600,10,0,8,8,307,53,230,316,54,230,862,338
678,596,7,4,7,11,311,54,224,313,56,227,853,339
679,597,8,1,6,7,309,55,225,312,55,230,854,340
680,599,9,1,6,7,308,55,227,311,57,231,853,345
681,599,4,1,3,4,310,57,228,312,58,229,853,345
682,599,5,1,4,5,309,58,227,312,58,229,853,345
683,600,5,0,4,4,310,58,227,311,59,230,852,348
684,600,6,0,6,6,308,58,228,312,58,230,854,346
685,599,5,0,6,6,310,56,228,312,56,231,855,343
686,598,4,2,3,5,309,56,229,312,57,229,853,343
687,599,6,1,4,5,310,57,226,313,57,229,855,343
688,598,7,2,6,8,309,55,227,312,55,231,855,341
689,600,12,0,10,10,307,53,228,314,54,232,860,340
690,600,9,0,9,9,307,54,230,310,55,235,855,345
691,600,5,0,5,5,307,55,233,307,55,238,852,348
692,599,4,1,4,5,306,55,234,309,55,235,853,345
693,600,3,0,2,2,307,55,235,309,55,236,854,346
694,600,6,0,6,6,308,55,231,310,55,235,855,345
695,600,7,0,7,7,307,53,233,310,53,237,857,343
696,600,8,0,8,8,307,53,232,312,53,235,859,341
697,598,6,2,6,8,308,52,232,312,53,233,857,339
698,597,7,1,7,8,307,52,231,312,52,233,857,337
699,600,6,0,3,3,311,51,232,311,51,238,860,340
700,600,8,0,8,8,308,49,235,312,49,239,863,337
701,600,1,0,1,1,311,49,239,312,49,239,863,337
702,600,3,0,3,3,311,49,237,313,49,238,864,336
703,599,7,1,7,8,308,49,235,311,50,238,860,338
704,600,4,0,3,3,309,50,237,311,50,239,861,339
705,597,5,2,6,8,305,50,237,308,50,239,855,339
706,600,11,0,8,8,303,50,236,308,50,242,858,342
707,600,2,0,2,2,308,50,240,308,50,242,858,342
708,600,3,0,3,3,308,50,239,309,51,240,858,342
709,599,5,1,5,6,306,50,238,309,51,239,857,341
710,600,6,0,5,5,306,50,238,307,51,242,856,344
711,600,3,0,3,3,305,51,241,307,51,242,856,344
712,600,10,0,10,10,302,50,238,309,51,240,858,342
713,598,7,1,8,9,304,51,236,308,52,238,854,342
714,599,10,1,8,9,302,52,235,308,52,239,855,343
715,600,10,0,9,9,302,52,236,308,52,240,856,344
716,600,8,0,8,8,305,50,237,310,50,240,860,340
717,599,7,1,7,8,307,49,236,312,49,238,862,336
718,600,6,0,5,5,310,49,235,314,50,236,864,336
719,600,8,0,8,8,309,50,233,313,52,235,861,339
720,598,4,0,6,6,311,52,231,312,53,233,857,339
721,599,10,1,8,9,309,52,228,313,54,232,858,340
722,600,8,0,7,7,308,53,231,314,53,233,861,339
723,600,5,0,5,5,312,53,230,314,54,232,860,340
724,600,7,0,7,7,313,53,227,316,54,230,862,338
725,599,9,1,9,10,310,54,226,314,54,231,859,339
726,598,8,2,7,9,305,54,231,308,54,236,852,344
727,599,8,1,6,7,305,53,233,309,54,236,854,344
728,599,7,0,7,7,307,52,233,312,53,234,858,340
729,600,5,0,4,4,309,53,233,313,53,234,860,340
730,600,3,0,3,3,312,53,232,315,53,232,862,338
731,600,4,0,4,4,312,53,231,315,53,232,862,338
732,600,4,0,4,4,313,52,231,315,52,233,863,337
733,600,5,0,5,5,312,52,231,313,52,235,861,339
734,600,7,0,7,7,308,51,234,310,53,237,857,343
735,598,5,2,5,7,306,53,234,308,54,236,852,344
736,600,8,0,6,6,307,52,233,309,54,237,855,345
737,599,5,1,5,6,308,53,233,310,53,236,856,342
738,598,10,2,9,11,304,53,231,309,56,233,851,345
739,598,7,2,5,7,305,55,231,307,55,236,850,346
740,600,9,0,7,7,303,55,233,306,56,238,850,350
741,600,8,0,8,8,302,55,235,307,55,238,852,348
742,600,6,0,6,6,305,54,235,309,54,237,855,345
743,600,7,0,7,7,307,53,233,311,53,236,858,342
744,600,4,0,4,4,310,52,234,313,52,235,861,339
745,600,8,0,8,8,309,51,232,313,51,236,862,338
746,600,7,0,7,7,311,50,232,316,50,234,866,334
747,600,8,0,8,8,310,48,234,315,49,236,866,334
748,600,5,0,5,5,312,49,234,315,49,236,866,334
749,600,5,0,5,5,312,49,234,314,51,235,863,337
750,599,5,1,5,6,310,50,234,313,50,236,862,336
751,600,3,0,2,2,312,49,236,315,49,236,866,334
752,598,9,2,9,11,310,48,231,314,48,236,864,332
753,600,8,0,6,6,311,48,233,318,49,233,869,331
754,599,4,1,4,5,314,48,233,315,50,234,864,334
755,600,2,0,1,1,315,50,233,316,50,234,866,334
756,598,6,1,7,8,312,49,231,316,49,233,865,331
757,599,5,0,4,4,312,49,233,316,49,234,866,332
758,599,15,1,14,15,308,47,229,316,48,235,867,331
759,599,6,1,5,6,311,48,234,315,48,236,866,332
760,600,7,0,6,6,311,47,235,313,48,239,865,335
761,600,8,0,8,8,309,48,235,314,49,237,865,335
762,600,6,0,6,6,312,48,234,316,48,236,868,332
763,598,7,2,7,9,310,47,234,313,47,238,864,332
764,599,9,1,7,8,310,45,235,314,45,240,868,330
765,600,4,0,3,3,313,45,238,317,45,238,872,328
766,600,9,0,9,9,312,44,235,315,45,240,870,330
767,599,5,1,5,6,313,44,237,315,46,238,868,330
768,599,9,0,9,9,311,45,234,317,46,236,870,328
769,599,6,1,5,6,313,45,235,317,45,237,871,327
770,599,7,1,6,7,313,45,234,317,45,237,871,327
771,599,6,1,5,6,313,45,235,316,46,237,869,329
772,598,6,2,5,7,311,45,236,313,45,240,866,330
773,600,5,0,3,3,311,45,239,312,45,243,867,333
774,600,8,0,8,8,308,44,240,313,44,243,869,331
775,600,4,0,4,4,311,44,241,312,44,244,868,332
776,600,4,0,4,4,311,44,241,313,44,243,869,331
777,599,3,1,3,4,311,44,241,312,44,243,867,331
778,600,4,0,3,3,312,44,240,314,45,241,869,331
779,600,7,0,7,7,311,45,237,312,48,240,864,336
780,599,4,1,4,5,308,47,240,311,47,241,863,335
781,600,6,0,5,5,308,47,239,312,48,240,864,336
782,599,4,1,4,5,308,48,239,310,48,241,861,337
783,598,9,1,9,10,305,47,237,311,48,239,861,335
784,600,6,0,4,4,309,48,237,313,49,238,864,336
785,600,5,0,5,5,310,49,236,312,50,238,862,338
786,600,4,0,4,4,311,50,235,314,50,236,864,336
787,600,4,0,4,4,313,50,233,317,50,233,867,333
788,599,4,1,4,5,315,49,231,316,50,233,865,333
789,599,9,0,9,9,311,49,230,313,49,237,863,335
790,598,11,0,12,12,307,49,231,313,51,234,860,336
791,600,9,0,7,7,310,51,230,314,52,234,862,338
792,600,10,0,10,10,310,51,229,314,52,234,862,338
793,599,6,1,6,7,312,52,229,313,53,233,859,339
794,598,7,2,6,8,313,48,230,316,48,234,866,330
795,600,5,0,3,3,314,48,233,316,48,236,868,332
796,599,11,1,11,12,312,48,228,317,48,234,868,330
797,598,9,2,8,10,311,47,231,316,48,234,866,330
798,600,6,0,4,4,312,48,234,316,49,235,867,333
799,600,2,0,2,2,316,49,233,318,49,233,869,331
800,600,6,0,6,6,315,48,231,319,49,232,870,330
801,598,4,1,5,6,316,48,230,320,48,230,870,326
802,600,5,0,3,3,318,48,229,319,48,233,871,329
803,600,3,0,3,3,316,48,233,316,49,235,867,333
804,600,3,0,3,3,314,49,234,315,50,235,865,335
805,600,3,0,3,3,314,49,234,317,49,234,868,332
806,598,6,2,6,8,314,49,229,317,49,232,866,330
807,600,7,0,5,5,315,48,230,320,48,232,872,328
808,600,6,0,6,6,318,47,229,321,47,232,874,326
809,598,8,1,9,10,316,46,228,321,47,230,872,324
810,600,10,0,8,8,318,47,225,323,47,230,876,324
811,599,9,1,9,10,319,45,226,322,46,231,875,323
812,599,5,0,5,5,319,45,230,322,46,231,875,323
813,598,10,0,11,11,317,45,226,323,47,228,874,322
814,600,8,0,6,6,319,46,227,323,48,229,875,325
815,599,8,1,8,9,319,48,224,320,52,227,867,331
816,600,7,0,6,6,316,52,225,320,54,226,866,334
817,599,4,1,4,5,317,53,225,320,53,226,866,332
818,600,11,0,10,10,315,51,223,322,52,226,870,330
819,599,6,1,6,7,318,52,223,319,53,227,865,333
820,600,9,0,8,8,317,53,221,319,58,223,861,339
821,598,6,2,6,8,316,58,218,319,59,220,858,338
822,600,7,0,5,5,315,59,219,321,60,219,861,339
823,600,5,0,5,5,317,60,218,320,60,220,860,340
824,599,7,1,7,8,316,59,217,319,61,219,857,341
825,599,7,0,7,7,316,61,215,321,61,217,859,339
826,598,5,1,5,6,320,60,213,323,60,215,861,335
827,599,6,1,4,5,319,59,215,321,59,219,861,337
828,599,10,1,9,10,313,58,218,320,58,221,861,337
829,597,6,3,5,8,317,58,216,319,58,220,858,336
830,600,8,0,5,5,317,58,217,321,59,220,862,338
831,600,5,0,5,5,319,59,217,321,59,220,862,338
832,600,6,0,6,6,317,59,218,317,59,224,858,342
833,600,5,0,5,5,313,59,223,314,60,226,854,346
834,600,6,0,6,6,310,60,224,315,60,225,855,345
835,600,2,0,2,2,314,60,224,316,60,224,856,344
836,599,3,0,4,4,313,60,223,315,60,224,854,344
837,597,13,1,14,15,306,60,218,310,61,226,846,348
838,600,8,0,5,5,309,60,223,310,62,228,848,352
839,599,6,1,6,7,307,62,224,311,62,226,848,350
840,600,5,0,4,4,309,61,225,311,61,228,850,350
841,598,7,2,7,9,306,59,226,310,59,229,849,347
842,600,11,0,9,9,307,58,224,313,58,229,855,345
843,600,8,0,8,8,308,58,226,310,60,230,850,350
844,599,4,1,4,5,308,59,228,311,59,229,851,347
845,599,2,1,1,2,311,58,228,312,58,229,853,345
846,600,10,0,9,9,309,56,225,313,57,230,856,344
847,600,5,0,5,5,309,57,229,309,58,233,851,349
848,600,11,0,11,11,302,56,231,306,56,238,850,350
849,600,5,0,5,5,303,56,236,305,56,239,849,351
850,600,5,0,5,5,303,56,236,305,56,239,849,351
851,600,6,0,6,6,299,56,239,303,56,241,847,353
852,600,3,0,3,3,302,55,240,304,55,241,849,351
853,599,6,1,6,7,299,55,239,301,56,242,844,354
854,599,3,0,3,3,300,56,240,302,56,241,845,353
855,600,7,0,6,6,299,55,239,301,55,244,846,354
856,600,9,0,9,9,295,52,244,297,52,251,845,355
857,600,3,0,3,3,297,52,248,299,52,249,847,353
858,600,4,0,4,4,296,52,248,298,53,249,845,355
859,600,8,0,8,8,295,53,244,301,53,246,848,352
860,598,6,1,7,8,294,53,245,296,54,248,840,356
861,599,8,1,6,7,293,53,245,298,55,246,842,356
862,599,10,0,10,10,293,54,242,299,56,244,842,356
863,599,3,1,2,3,297,55,244,299,55,245,843,355
864,600,8,0,7,7,296,54,242,299,54,247,845,355
865,600,7,0,7,7,297,53,243,300,54,246,846,354
866,600,7,0,7,7,298,54,241,301,54,245,847,353
867,600,6,0,6,6,300,52,242,301,54,245,847,353
868,600,2,0,2,2,301,54,243,302,55,243,847,353
869,598,4,1,5,6,300,55,239,302,55,241,845,351
870,600,8,0,6,6,297,55,240,304,56,240,848,352
871,600,4,0,4,4,302,55,239,304,55,241,849,351
872,598,7,2,7,9,296,55,240,298,55,245,841,355
873,600,6,0,4,4,295,55,244,298,55,247,843,357
874,599,6,1,6,7,294,54,245,297,54,248,842,356
875,599,10,1,9,10,293,52,244,298,53,248,844,354
876,600,6,0,5,5,297,53,244,301,53,246,848,352
877,600,6,0,6,6,299,52,243,303,52,245,851,349
878,600,6,0,6,6,299,52,243,303,53,244,850,350
879,599,4,1,4,5,299,52,244,301,52,246,848,350
880,598,8,1,8,9,297,52,241,300,52,246,846,350
881,599,8,1,6,7,297,51,243,299,52,248,846,352
882,600,6,0,5,5,298,52,244,302,53,245,849,351
883,600,3,0,3,3,302,51,244,304,51,245,853,347
884,597,5,3,5,8,300,51,241,304,51,242,850,344
885,599,11,0,9,9,298,50,240,305,50,244,854,344
886,600,4,0,3,3,303,50,243,305,50,245,855,345
887,600,2,0,2,2,305,49,244,305,49,246,856,344
888,599,6,1,6,7,302,48,243,304,48,247,855,343
889,599,11,1,10,11,300,47,241,307,47,245,859,339
890,600,6,0,5,5,306,44,244,310,45,245,865,335
891,599,5,1,5,6,306,45,243,307,46,246,860,338
892,600,3,0,2,2,306,46,245,308,46,246,862,338
893,600,6,0,6,6,305,44,245,307,45,248,862,338
894,599,8,1,8,9,304,44,243,307,44,248,862,336
895,600,7,0,6,6,303,44,246,305,45,250,860,340
896,600,2,0,2,2,304,45,249,304,45,251,859,341
897,600,1,0,1,1,304,45,250,304,45,251,859,341
898,600,5,0,5,5,301,45,249,305,45,250,860,340
899,598,1,2,1,3,303,44,250,303,44,251,857,339
900,600,8,0,6,6,299,43,250,301,43,256,858,342
901,598,6,2,6,8,297,42,253,299,44,255,853,343
902,600,9,0,7,7,297,44,250,303,45,252,858,342
903,600,1,0,1,1,303,44,252,304,44,252,860,340
904,599,8,0,9,9,299,43,249,305,43,251,861,337
905,599,6,1,5,6,301,42,250,305,43,251,861,337
906,600,7,0,6,6,303,42,248,306,42,252,864,336
907,600,7,0,7,7,301,42,250,304,44,252,860,340
908,599,1,1,1,2,302,44,252,303,44,252,858,340
909,599,7,1,6,7,298,44,250,302,45,252,856,342
910,600,8,0,7,7,299,44,249,303,44,253,859,341
911,600,7,0,7,7,298,44,251,303,45,252,858,342
912,600,4,0,4,4,303,45,248,306,45,249,861,339
913,600,8,0,8,8,304,44,244,310,44,246,866,334
914,600,4,0,4,4,306,44,246,307,46,247,861,339
915,599,4,1,4,5,303,46,246,305,46,248,858,340
916,600,7,0,6,6,304,46,243,306,47,247,859,341
917,600,9,0,9,9,302,46,243,304,46,250,858,342
918,599,6,1,6,7,298,46,249,301,47,251,853,345
919,599,5,1,4,5,300,46,248,302,47,250,854,344
920,600,7,0,6,6,299,46,248,301,47,252,854,346
921,600,5,0,5,5,300,46,249,303,46,251,857,343
922,599,10,1,10,11,298,46,245,303,47,249,855,343
923,599,5,1,4,5,301,47,246,302,47,250,854,344
924,600,3,0,2,2,301,47,249,302,48,250,854,346
925,600,11,0,11,11,296,48,245,300,51,249,849,351
926,600,6,0,6,6,297,50,247,301,50,249,851,349
927,599,6,1,6,7,297,49,247,298,51,250,846,352
928,600,6,0,5,5,296,51,247,300,52,248,848,352
929,600,4,0,4,4,297,52,247,298,52,250,846,354
930,600,4,0,4,4,297,52,247,299,52,249,847,353
931,600,7,0,7,7,294,52,247,296,52,252,844,356
932,598,10,2,10,12,289,51,248,291,51,256,838,358
933,598,8,2,6,8,286,50,254,289,51,258,836,360
934,598,4,2,2,4,287,51,256,287,52,259,833,363
935,599,4,1,2,3,285,52,258,285,53,261,831,367
936,600,6,0,5,5,285,51,258,288,51,261,837,363
937,599,4,1,4,5,286,50,259,289,50,260,838,360
938,600,4,0,3,3,287,50,259,290,50,260,840,360
939,600,6,0,6,6,286,50,258,290,50,260,840,360
940,600,8,0,8,8,285,50,257,287,51,262,836,364
941,600,7,0,7,7,281,51,261,285,51,264,834,366
942,600,9,0,9,9,282,51,258,287,52,261,835,365
943,598,5,1,6,7,283,51,259,286,52,260,832,364
944,600,5,0,3,3,284,52,259,288,52,260,836,364
945,600,6,0,6,6,285,52,257,286,54,260,832,368
946,600,5,0,5,5,283,54,258,286,54,260,832,368
947,598,7,2,7,9,284,54,253,287,54,257,831,365
948,600,3,0,1,1,287,53,257,290,53,257,837,363
949,599,8,0,9,9,286,51,254,291,52,256,838,360
950,600,8,0,7,7,286,52,254,288,52,260,836,364
951,600,8,0,8,8,285,50,257,288,50,262,838,362
952,600,3,0,3,3,287,50,260,289,50,261,839,361
953,599,8,1,8,9,285,48,258,290,49,260,840,358
954,599,11,0,11,11,283,49,256,288,50,261,837,361
955,599,9,1,8,9,287,49,254,295,49,255,845,353
956,600,4,0,3,3,294,49,253,295,50,255,845,355
957,600,4,0,4,4,293,50,253,296,50,254,846,354
958,599,3,1,3,4,295,50,251,296,51,252,844,354
959,599,5,1,4,5,296,51,247,298,52,249,845,353
960,600,8,0,7,7,294,51,247,298,51,251,847,353
961,599,2,1,2,3,297,51,249,298,52,249,845,353
962,599,6,1,5,6,298,51,244,301,51,247,849,349
963,600,5,0,4,4,299,51,245,301,52,247,849,351
964,600,10,0,10,10,297,49,244,302,50,248,852,348
965,599,7,1,7,8,297,50,245,301,53,245,847,351
966,599,3,1,2,3,301,52,243,303,52,244,850,348
967,598,7,2,6,8,298,52,241,302,52,244,848,348
968,600,7,0,5,5,301,52,240,304,54,242,850,350
969,598,8,1,9,10,301,52,237,306,52,240,852,344
970,600,6,0,4,4,303,52,239,307,52,241,855,345
971,600,3,0,3,3,304,52,241,307,52,241,855,345
972,600,11,0,11,11,302,52,235,309,53,238,856,344
973,599,9,0,10,10,305,51,234,309,51,239,857,341
974,599,5,1,4,5,306,51,237,310,51,238,858,340
975,599,5,1,4,5,307,51,236,309,51,239,857,341
976,600,10,0,9,9,303,50,237,310,51,239,859,341
977,599,7,1,7,8,305,51,236,309,52,238,856,342
978,600,10,0,9,9,303,52,235,307,54,239,853,347
979,600,9,0,9,9,301,54,236,304,55,241,849,351
980,599,2,1,2,3,303,55,239,303,55,241,847,351
981,600,4,0,3,3,302,55,239,303,56,241,847,353
982,600,4,0,4,4,299,56,241,301,56,243,845,355
983,600,6,0,6,6,300,56,238,302,57,241,845,355
984,600,4,0,4,4,301,55,240,305,55,240,850,350
985,600,4,0,4,4,304,55,237,305,55,240,850,350
986,600,3,0,3,3,304,55,238,306,55,239,851,349
987,600,9,0,9,9,304,53,234,307,55,238,852,348
988,600,6,0,6,6,302,55,237,305,56,239,849,351
989,600,4,0,4,4,303,56,237,306,56,238,850,350
990,600,4,0,4,4,305,56,235,307,56,237,851,349
991,600,2,0,2,2,305,56,237,306,57,237,849,351
992,600,7,0,7,7,303,56,234,308,57,235,851,349
993,599,5,1,5,6,304,57,233,307,57,235,849,349
994,600,3,0,2,2,307,56,234,309,56,235,853,347
995,600,3,0,3,3,308,56,233,310,56,234,854,346
996,599,6,1,6,7,306,54,233,309,54,236,854,344
997,600,10,0,9,9,304,54,232,312,54,234,858,342
998,599,6,1,6,7,308,53,232,312,54,233,857,341
999,600,10,0,9,9,308,52,230,315,52,233,863,337
