0,200,0,0,0,0,0,0,0,54,45,101,209,191,0,0,0,0,0,0,0,0,0
1,213,16,0,3,3,53,45,99,57,52,104,218,208,0,3,16,0,0,0,0,0,0
2,223,12,1,1,2,56,52,103,58,54,111,227,219,1,4,28,1,0,0,1,0,0
3,248,27,1,1,2,57,54,110,66,61,121,253,243,2,5,55,1,0,0,2,0,0
4,263,17,0,2,2,65,61,120,71,67,125,267,259,2,7,72,0,0,0,2,0,0
5,279,21,1,4,5,67,67,124,78,74,127,283,275,3,11,93,1,0,0,3,0,0
6,289,17,1,6,7,77,72,123,80,79,130,290,288,4,17,110,0,0,1,3,0,1
7,306,21,1,3,4,78,78,129,84,85,137,305,307,5,20,131,1,0,0,4,0,1
8,330,32,1,7,8,83,80,135,89,91,150,328,332,6,27,163,1,0,0,5,0,1
9,353,29,0,6,6,85,90,149,93,98,162,348,358,6,33,192,0,0,0,5,0,1
10,387,39,1,4,5,92,97,159,105,111,171,381,393,7,37,231,0,0,1,5,0,2
11,415,34,1,5,6,102,111,168,111,122,182,404,426,8,42,265,1,0,0,6,0,2
12,442,35,2,6,8,109,120,178,121,133,188,430,454,10,48,300,1,1,0,7,1,2
13,478,42,3,3,6,120,129,188,132,140,206,470,486,13,51,342,1,1,1,8,2,3
14,509,36,2,3,5,129,139,205,138,152,219,495,523,15,54,378,1,1,0,9,3,3
15,541,39,1,6,7,137,147,218,150,160,231,531,551,16,60,417,1,0,0,10,3,3
16,584,49,0,6,6,147,158,230,160,170,254,574,594,16,66,466,0,0,0,10,3,3
17,599,22,0,7,7,157,168,252,164,177,258,586,612,16,73,488,0,0,0,10,3,3
18,600,6,0,5,5,164,175,255,166,176,258,590,610,16,78,494,0,0,0,10,3,3
19,597,4,2,5,7,164,175,254,165,175,257,587,607,18,83,498,0,0,2,10,3,5
20,599,15,1,12,13,160,172,252,163,176,260,586,612,19,95,513,0,0,1,10,3,6
21,600,7,0,6,6,161,172,260,163,174,263,589,611,19,101,520,0,0,0,10,3,6
22,600,6,0,6,6,162,170,262,162,172,266,590,610,19,107,526,0,0,0,10,3,6
23,600,6,0,6,6,160,170,264,161,173,266,588,612,19,113,532,0,0,0,10,3,6
24,600,2,0,2,2,161,173,264,162,173,265,589,611,19,115,534,0,0,0,10,3,6
25,600,4,0,4,4,161,173,262,163,174,263,589,611,19,119,538,0,0,0,10,3,6
26,599,5,1,5,6,161,171,262,162,171,266,590,608,20,124,543,0,1,0,10,4,6
27,599,5,1,4,5,162,168,264,162,168,269,593,605,21,128,548,0,1,0,10,5,6
28,598,7,2,6,8,160,166,265,163,168,267,593,603,23,134,555,0,1,1,10,6,7
29,600,5,0,3,3,162,167,266,163,169,268,594,606,23,137,560,0,0,0,10,6,7
30,597,6,3,6,9,161,166,264,165,166,266,596,598,26,143,566,1,1,1,11,7,8
31,598,13,2,10,12,163,163,259,167,166,265,599,597,28,153,579,1,0,1,12,7,9
32,599,6,1,4,5,167,163,263,169,164,266,604,594,29,157,585,0,1,0,12,8,9
33,599,5,1,4,5,168,162,264,168,164,267,603,595,30,161,590,0,0,1,12,8,10
34,600,7,0,6,6,167,163,263,168,164,268,604,596,30,167,597,0,0,0,12,8,10
35,600,9,0,9,9,165,164,262,168,166,266,602,598,30,176,606,0,0,0,12,8,10
36,600,8,0,8,8,164,164,264,166,167,267,599,601,30,184,614,0,0,0,12,8,10
37,600,4,0,4,4,164,166,266,165,167,268,598,602,30,188,618,0,0,0,12,8,10
38,600,12,0,12,12,162,165,261,165,168,267,597,603,30,200,630,0,0,0,12,8,10
39,599,9,1,9,10,164,163,263,168,164,267,603,595,31,209,639,0,1,0,12,9,10
40,600,6,0,5,5,166,162,266,168,163,269,605,595,31,214,645,0,0,0,12,9,10
41,597,7,2,8,10,164,162,264,168,162,267,603,591,33,222,652,1,0,1,13,9,11
42,599,4,1,1,2,167,162,266,167,164,268,602,596,34,223,656,1,0,0,14,9,11
43,600,6,0,5,5,166,164,264,169,167,264,602,598,34,228,662,0,0,0,14,9,11
44,599,4,1,4,5,168,166,261,169,168,262,600,598,35,232,666,0,0,1,14,9,12
45,600,6,0,5,5,169,165,260,169,166,265,603,597,35,237,672,0,0,0,14,9,12
46,600,4,0,4,4,168,165,263,169,166,265,603,597,35,241,676,0,0,0,14,9,12
47,598,6,2,6,8,167,163,262,169,164,265,603,593,37,247,682,1,0,1,15,9,13
48,599,9,1,7,8,167,160,263,171,161,267,609,589,38,254,691,0,0,1,15,9,14
49,600,8,0,7,7,168,160,264,171,163,266,608,592,38,261,699,0,0,0,15,9,14
50,599,6,1,6,7,169,163,261,171,164,264,606,592,39,267,705,0,0,1,15,9,15
51,600,7,0,6,6,167,164,262,169,167,264,602,598,39,273,712,0,0,0,15,9,15
52,599,7,1,7,8,168,164,260,171,167,261,603,595,40,280,719,0,1,0,15,10,15
53,598,9,2,8,10,171,163,255,172,165,261,605,591,42,288,728,0,0,2,15,10,17
54,598,11,2,9,11,171,160,256,175,161,262,612,584,44,297,739,0,0,2,15,10,19
55,600,5,0,3,3,173,161,261,175,162,263,613,587,44,300,744,0,0,0,15,10,19
56,600,6,0,6,6,171,162,261,173,163,264,610,590,44,306,750,0,0,0,15,10,19
57,599,7,1,7,8,170,160,262,172,162,265,609,589,45,313,757,0,1,0,15,11,19
58,600,7,0,6,6,170,159,264,171,160,269,611,589,45,319,764,0,0,0,15,11,19
59,600,7,0,7,7,170,159,264,171,162,267,609,591,45,326,771,0,0,0,15,11,19
60,599,4,1,4,5,170,160,265,171,161,267,609,589,46,330,775,0,1,0,15,12,19
61,598,9,2,8,10,168,158,263,169,161,268,606,590,48,338,784,0,1,1,15,13,20
62,600,9,0,7,7,167,158,266,168,159,273,609,591,48,345,793,0,0,0,15,13,20
63,597,4,3,4,7,167,156,270,167,157,273,607,587,51,349,797,1,1,1,16,14,21
64,599,5,1,2,3,166,156,272,169,156,274,612,586,52,351,802,0,1,0,16,15,21
65,600,6,0,5,5,169,152,273,171,153,276,618,582,52,356,808,0,0,0,16,15,21
66,600,4,0,4,4,168,152,276,168,154,278,614,586,52,360,812,0,0,0,16,15,21
67,600,4,0,4,4,168,153,275,168,154,278,614,586,52,364,816,0,0,0,16,15,21
68,599,4,1,4,5,167,153,275,169,154,276,614,584,53,368,820,1,0,0,17,15,21
69,599,9,1,8,9,166,153,271,169,155,275,613,585,54,376,829,1,0,0,18,15,21
70,600,4,0,3,3,167,155,274,168,156,276,612,588,54,379,833,0,0,0,18,15,21
71,598,4,2,4,6,166,155,273,168,156,274,610,586,56,383,837,0,1,1,18,16,22
72,599,6,1,4,5,165,155,273,165,158,276,606,592,57,387,843,1,0,0,19,16,22
73,597,9,3,8,11,164,153,271,168,157,272,608,586,60,395,852,1,1,1,20,17,23
74,598,12,2,9,11,164,157,265,166,165,267,599,597,62,404,864,0,0,2,20,17,25
75,598,13,2,11,13,163,161,261,167,164,267,601,595,64,415,877,0,1,1,20,18,26
76,599,5,1,3,4,167,163,264,170,163,266,606,592,65,418,882,0,1,0,20,19,26
77,597,14,1,15,16,165,158,260,167,161,269,603,591,66,433,896,1,0,0,21,19,26
78,599,7,1,4,5,164,161,267,167,161,271,605,593,67,437,903,0,0,1,21,19,27
79,599,8,1,7,8,164,160,267,166,160,273,605,593,68,444,911,0,0,1,21,19,28
80,600,9,0,8,8,165,155,271,167,158,275,609,591,68,452,920,0,0,0,21,19,28
81,599,6,0,7,7,166,156,271,169,157,273,611,587,68,459,926,0,0,0,21,19,28
82,598,10,2,9,11,164,155,269,166,156,276,608,588,70,468,936,0,2,0,21,21,28
83,597,7,3,5,8,164,153,273,167,153,277,611,583,73,473,943,1,0,2,22,21,30
84,599,9,0,7,7,166,150,274,166,152,281,613,585,73,480,952,0,0,0,22,21,30
85,600,18,0,17,17,157,150,275,161,156,283,605,595,73,497,970,0,0,0,22,21,30
86,598,8,2,8,10,160,153,277,163,154,281,607,589,75,505,978,0,0,2,22,21,32
87,599,6,1,4,5,161,153,279,163,154,282,608,590,76,509,984,0,0,1,22,21,33
88,599,4,1,3,4,161,153,281,162,155,282,606,592,77,512,988,0,1,0,22,22,33
89,599,4,1,3,4,160,155,280,160,155,284,604,594,78,515,992,0,0,1,22,22,34
90,598,1,2,0,2,159,155,284,159,155,284,602,594,80,515,993,1,0,1,23,22,35
91,598,10,2,8,10,157,151,280,159,154,285,603,593,82,523,1003,0,2,0,23,24,35
92,599,6,1,4,5,159,154,280,161,155,283,605,593,83,527,1009,0,0,1,23,24,36
93,599,4,1,3,4,160,153,282,160,155,284,604,594,84,530,1013,0,0,1,23,24,37
94,600,5,0,4,4,157,155,283,158,156,286,602,598,84,534,1018,0,0,0,23,24,37
95,599,8,1,8,9,153,155,283,155,158,286,596,602,85,542,1026,1,0,0,24,24,37
96,600,7,0,6,6,154,156,283,156,158,286,598,602,85,548,1033,0,0,0,24,24,37
97,599,6,1,6,7,155,155,283,156,156,287,599,599,86,554,1039,0,1,0,24,25,37
98,598,5,2,4,6,154,154,285,154,155,289,597,599,88,558,1044,1,0,1,25,25,38
99,598,6,2,4,6,154,153,285,155,154,289,599,597,90,562,1050,0,1,1,25,26,39
100,599,6,1,4,5,153,152,288,154,153,292,600,598,91,566,1056,0,1,0,25,27,39
101,600,3,0,2,2,153,153,291,154,153,293,601,599,91,568,1059,0,0,0,25,27,39
102,600,8,0,8,8,151,150,291,153,152,295,601,599,91,576,1067,0,0,0,25,27,39
103,599,6,1,6,7,150,152,291,150,153,296,596,602,92,582,1073,0,0,1,25,27,40
104,600,9,0,8,8,146,153,292,150,157,293,593,607,92,590,1082,0,0,0,25,27,40
105,599,3,1,3,4,150,155,291,151,156,292,594,604,93,593,1085,0,1,0,25,28,40
106,599,4,1,3,4,151,155,289,154,156,289,597,601,94,596,1089,0,0,1,25,28,41
107,600,7,0,6,6,153,154,286,154,156,290,598,602,94,602,1096,0,0,0,25,28,41
108,600,8,0,8,8,153,153,286,154,155,291,599,601,94,610,1104,0,0,0,25,28,41
109,600,7,0,7,7,154,152,287,155,156,289,599,601,94,617,1111,0,0,0,25,28,41
110,597,8,3,8,11,149,155,285,150,157,290,590,604,97,625,1119,1,1,1,26,29,42
111,600,10,0,7,7,146,155,289,148,157,295,591,609,97,632,1129,0,0,0,26,29,42
112,600,10,0,10,10,145,155,290,148,157,295,591,609,97,642,1139,0,0,0,26,29,42
113,598,1,2,1,3,148,155,294,148,155,295,591,605,99,643,1140,0,1,1,26,30,43
114,598,10,1,9,10,145,153,290,147,158,293,587,609,100,652,1150,0,1,0,26,31,43
115,600,8,0,6,6,146,155,291,148,158,294,590,610,100,658,1158,0,0,0,26,31,43
116,599,14,1,14,15,144,157,284,151,159,289,591,607,101,672,1172,0,1,0,26,32,43
117,599,6,1,5,6,149,158,286,150,160,289,589,609,102,677,1178,0,0,1,26,32,44
118,600,4,0,3,3,149,160,287,150,160,290,590,610,102,680,1182,0,0,0,26,32,44
119,599,5,0,6,6,148,158,288,149,160,290,588,610,102,686,1187,0,0,0,26,32,44
120,598,6,2,5,7,148,158,286,149,161,288,586,610,104,691,1193,0,1,1,26,33,45
121,599,10,1,8,9,146,157,286,149,159,291,589,609,105,699,1203,1,0,0,27,33,45
122,600,6,0,5,5,149,156,289,151,157,292,594,606,105,704,1209,0,0,0,27,33,45
123,599,8,0,9,9,147,154,290,149,155,295,593,605,105,713,1217,0,0,0,27,33,45
124,599,6,1,5,6,148,154,291,148,157,294,590,608,106,718,1223,0,0,1,27,33,46
125,597,9,1,10,11,145,154,289,148,156,293,589,605,107,728,1232,1,0,0,28,33,46
126,600,10,0,7,7,144,153,293,146,156,298,590,610,107,735,1242,0,0,0,28,33,46
127,600,6,0,6,6,146,154,294,146,155,299,591,609,107,741,1248,0,0,0,28,33,46
128,599,3,1,3,4,145,154,297,146,154,299,591,607,108,744,1251,0,1,0,28,34,46
129,600,3,0,2,2,146,153,298,146,153,301,593,607,108,746,1254,0,0,0,28,34,46
130,598,7,2,7,9,142,150,299,143,154,301,587,609,110,753,1261,0,0,2,28,34,48
131,599,6,1,4,5,140,154,299,142,156,301,585,613,111,757,1267,0,0,1,28,34,49
132,598,7,2,6,8,142,153,296,145,153,300,590,606,113,763,1274,0,1,1,28,35,50
133,599,10,1,8,9,140,152,297,142,153,304,588,610,114,771,1284,1,0,0,29,35,50
134,599,9,1,8,9,139,151,301,141,152,306,588,610,115,779,1293,0,0,1,29,35,51
135,599,8,1,7,8,140,149,302,143,151,305,591,607,116,786,1301,1,0,0,30,35,51
136,600,10,0,9,9,139,150,301,143,151,306,592,608,116,795,1311,0,0,0,30,35,51
137,599,7,1,7,8,138,150,304,140,150,309,589,609,117,802,1318,1,0,0,31,35,51
138,599,9,1,8,9,138,147,305,140,150,309,589,609,118,810,1327,1,0,0,32,35,51
139,599,12,1,11,12,139,148,300,141,150,308,590,608,119,821,1339,0,0,1,32,35,52
140,598,10,1,10,11,139,147,303,141,150,307,589,607,120,831,1349,0,0,1,32,35,53
141,599,9,1,7,8,139,149,302,140,150,309,589,609,121,838,1358,1,0,0,33,35,53
142,600,4,0,3,3,139,150,307,139,153,308,586,614,121,841,1362,0,0,0,33,35,53
143,597,4,2,5,7,138,150,305,139,151,307,585,609,123,846,1366,1,0,1,34,35,54
144,599,6,1,3,4,138,149,306,141,150,308,590,608,124,849,1372,0,1,0,34,36,54
145,598,5,2,4,6,139,149,305,139,150,309,587,609,126,853,1377,1,0,1,35,36,55
146,600,5,0,3,3,138,149,308,139,152,309,587,613,126,856,1382,0,0,0,35,36,55
147,598,5,2,5,7,138,149,306,139,149,310,588,608,128,861,1387,1,1,0,36,37,55
148,599,10,0,9,9,136,148,305,140,149,310,590,608,128,870,1397,0,0,0,36,37,55
149,600,3,0,2,2,139,148,310,141,149,310,592,608,128,872,1400,0,0,0,36,37,55
150,599,5,1,5,6,139,149,306,141,149,309,591,607,129,877,1405,0,0,1,36,37,56
151,599,8,1,7,8,138,148,305,138,153,308,584,614,130,884,1413,0,1,0,36,38,56
152,600,12,0,11,11,135,151,302,138,153,309,585,615,130,895,1425,0,0,0,36,38,56
153,598,3,2,3,5,137,151,307,137,153,308,582,614,132,898,1428,0,1,1,36,39,57
154,600,8,0,6,6,137,149,306,137,154,309,583,617,132,904,1436,0,0,0,36,39,57
155,599,8,1,8,9,136,151,304,141,153,305,587,611,133,912,1444,0,0,1,36,39,58
156,599,5,1,4,5,140,152,302,142,154,303,587,611,134,916,1449,0,0,1,36,39,59
157,599,8,1,7,8,140,153,298,143,154,302,588,610,135,923,1457,0,0,1,36,39,60
158,600,5,0,4,4,142,153,300,142,155,303,587,613,135,927,1462,0,0,0,36,39,60
159,598,6,2,6,8,140,152,300,141,155,302,584,612,137,933,1468,1,0,1,37,39,61
160,600,6,0,4,4,139,155,300,141,157,302,584,616,137,937,1474,0,0,0,37,39,61
161,600,4,0,4,4,140,155,301,141,157,302,584,616,137,941,1478,0,0,0,37,39,61
162,597,6,3,6,9,139,156,296,141,156,300,582,612,140,947,1484,0,0,3,37,39,64
163,600,9,0,6,6,139,155,297,142,158,300,584,616,140,953,1493,0,0,0,37,39,64
164,597,11,2,12,14,137,156,293,141,159,297,579,615,142,965,1504,0,0,2,37,39,66
165,599,7,1,4,5,140,157,295,140,159,300,580,618,143,969,1511,0,1,0,37,40,66
166,600,11,0,10,10,138,157,294,139,161,300,578,622,143,979,1522,0,0,0,37,40,66
167,596,8,3,9,12,135,160,293,138,162,296,572,620,146,988,1530,1,0,2,38,40,68
168,597,7,3,3,6,138,159,293,138,162,297,573,621,149,991,1537,0,1,2,38,41,70
169,600,8,0,5,5,136,161,295,139,163,298,576,624,149,996,1545,0,0,0,38,41,70
170,599,7,0,8,8,138,161,293,139,164,296,574,624,149,1004,1552,0,0,0,38,41,70
171,598,8,2,7,9,137,160,293,139,161,298,576,620,151,1011,1560,1,1,0,39,42,70
172,600,11,0,9,9,138,157,294,140,161,299,579,621,151,1020,1571,0,0,0,39,42,70
173,599,7,1,7,8,138,157,297,141,158,300,582,616,152,1027,1578,1,0,0,40,42,70
174,600,9,0,8,8,141,154,296,144,156,300,588,612,152,1035,1587,0,0,0,40,42,70
175,600,6,0,6,6,141,156,297,143,158,299,585,615,152,1041,1593,0,0,0,40,42,70
176,598,4,2,4,6,143,156,295,143,157,298,584,612,154,1045,1597,0,0,2,40,42,72
177,597,8,3,6,9,138,154,297,141,155,301,583,611,157,1051,1605,1,2,0,41,44,72
178,598,9,2,6,8,140,152,297,140,154,304,584,612,159,1057,1614,0,1,1,41,45,73
179,600,11,0,9,9,139,151,299,141,155,304,586,614,159,1066,1625,0,0,0,41,45,73
180,597,4,2,5,7,140,152,301,140,152,305,585,609,161,1071,1629,0,1,1,41,46,74
181,600,5,0,2,2,140,152,303,142,152,306,590,610,161,1073,1634,0,0,0,41,46,74
182,600,7,0,7,7,142,148,303,143,151,306,592,608,161,1080,1641,0,0,0,41,46,74
183,600,5,0,5,5,143,148,304,144,149,307,595,605,161,1085,1646,0,0,0,41,46,74
184,600,0,0,0,0,144,149,307,144,149,307,595,605,161,1085,1646,0,0,0,41,46,74
185,597,5,3,5,8,143,146,303,147,146,304,598,596,164,1090,1651,0,2,1,41,48,75
186,600,9,0,6,6,146,145,300,149,148,303,601,599,164,1096,1660,0,0,0,41,48,75
187,596,5,4,5,9,149,144,298,150,144,302,602,590,168,1101,1665,0,1,3,41,49,78
188,600,13,0,9,9,150,141,296,153,146,301,607,593,168,1110,1678,0,0,0,41,49,78
189,599,6,1,6,7,153,143,297,153,144,302,608,590,169,1116,1684,0,0,1,41,49,79
190,598,6,1,6,7,152,141,299,153,142,303,609,587,170,1122,1690,0,0,1,41,49,80
191,599,11,1,9,10,152,139,297,155,144,300,610,588,171,1131,1701,1,0,0,42,49,80
192,599,5,0,5,5,155,142,297,158,143,298,614,584,171,1136,1706,0,0,0,42,49,80
193,600,4,0,3,3,156,143,297,158,144,298,614,586,171,1139,1710,0,0,0,42,49,80
194,597,5,3,5,8,158,143,292,160,145,292,612,582,174,1144,1715,0,0,3,42,49,83
195,600,8,0,5,5,158,143,291,161,146,293,615,585,174,1149,1723,0,0,0,42,49,83
196,598,10,2,10,12,158,144,286,161,147,290,612,584,176,1159,1733,0,0,2,42,49,85
197,599,8,1,6,7,161,145,285,163,147,289,615,583,177,1165,1741,0,0,1,42,49,86
198,599,6,0,6,6,161,146,286,162,146,291,615,583,177,1171,1747,0,0,0,42,49,86
199,600,6,0,5,5,160,145,289,162,146,292,616,584,177,1176,1753,0,0,0,42,49,86
200,598,10,2,10,12,159,143,286,162,146,290,614,582,179,1186,1763,1,0,1,43,49,87
201,598,8,2,6,8,161,145,284,163,148,287,613,583,181,1192,1771,0,0,2,43,49,89
202,599,8,1,6,7,162,148,281,165,150,284,614,584,182,1198,1779,1,0,0,44,49,89
203,600,7,0,6,6,163,148,282,166,148,286,618,582,182,1204,1786,0,0,0,44,49,89
204,599,8,1,8,9,165,146,280,169,146,284,622,576,183,1212,1794,0,0,1,44,49,90
205,600,8,0,7,7,168,143,281,169,144,287,625,575,183,1219,1802,0,0,0,44,49,90
206,597,6,2,7,9,165,144,282,166,145,286,618,576,185,1226,1808,0,0,2,44,49,92
207,598,6,2,3,5,166,141,285,167,141,290,624,572,187,1229,1814,0,1,1,44,50,93
208,600,7,0,5,5,166,140,287,169,141,290,628,572,187,1234,1821,0,0,0,44,50,93
209,600,6,0,6,6,169,139,286,172,141,287,631,569,187,1240,1827,0,0,0,44,50,93
210,598,6,2,6,8,170,139,283,173,140,285,631,565,189,1246,1833,1,1,0,45,51,93
211,599,7,1,5,6,172,140,280,175,142,282,632,566,190,1251,1840,0,0,1,45,51,94
212,596,6,4,5,9,172,141,277,173,142,281,627,565,194,1256,1846,0,1,3,45,52,97
213,599,6,0,3,3,173,141,279,175,142,282,632,566,194,1259,1852,0,0,0,45,52,97
214,599,9,1,8,9,169,142,279,171,143,285,627,571,195,1267,1861,1,0,0,46,52,97
215,599,5,1,4,5,170,142,282,171,144,284,626,572,196,1271,1866,0,1,0,46,53,97
216,599,6,0,6,6,170,143,280,172,144,283,627,571,196,1277,1872,0,0,0,46,53,97
217,599,5,1,4,5,171,142,281,173,143,283,629,569,197,1281,1877,0,0,1,46,53,98
218,600,13,0,12,12,170,141,276,171,148,281,623,577,197,1293,1890,0,0,0,46,53,98
219,600,11,0,11,11,168,142,279,169,145,286,624,576,197,1304,1901,0,0,0,46,53,98
220,598,3,2,3,5,168,143,284,169,144,285,623,573,199,1307,1904,1,0,1,47,53,99
221,599,6,1,4,5,168,144,281,170,144,285,625,573,200,1311,1910,0,0,1,47,53,100
222,599,3,1,2,3,170,143,283,170,143,286,626,572,201,1313,1913,0,1,0,47,54,100
223,599,8,1,7,8,170,140,281,173,141,285,631,567,202,1320,1921,0,1,0,47,55,100
224,599,4,1,3,4,171,141,283,172,142,285,629,569,203,1323,1925,0,0,1,47,55,101
225,598,6,1,6,7,169,141,282,170,144,284,624,572,204,1329,1931,1,0,0,48,55,101
226,599,10,1,8,9,167,142,280,169,144,286,624,574,205,1337,1941,0,0,1,48,55,102
227,600,12,0,11,11,167,141,280,172,143,285,629,571,205,1348,1953,0,0,0,48,55,102
228,598,8,1,9,10,169,140,281,171,140,287,629,567,206,1357,1961,0,0,1,48,55,103
229,598,8,2,6,8,170,137,283,171,141,286,628,568,208,1363,1969,1,1,0,49,56,103
230,599,8,1,6,7,166,141,284,168,142,289,625,573,209,1369,1977,1,0,0,50,56,103
231,599,5,1,4,5,165,142,287,167,144,288,622,576,210,1373,1982,1,0,0,51,56,103
232,599,4,1,3,4,164,143,288,166,144,289,621,577,211,1376,1986,1,0,0,52,56,103
233,600,8,0,7,7,164,142,286,167,143,290,624,576,211,1383,1994,0,0,0,52,56,103
234,600,5,0,5,5,165,140,290,166,141,293,625,575,211,1388,1999,0,0,0,52,56,103
235,600,2,0,2,2,165,141,292,165,142,293,623,577,211,1390,2001,0,0,0,52,56,103
236,600,9,0,9,9,161,139,291,163,142,295,621,579,211,1399,2010,0,0,0,52,56,103
237,597,5,3,5,8,162,141,289,165,143,289,619,575,214,1404,2015,1,0,2,53,56,105
238,599,8,0,6,6,162,142,287,166,142,291,623,575,214,1410,2023,0,0,0,53,56,105
239,598,2,2,1,3,165,141,290,165,142,291,621,575,216,1411,2025,1,0,1,54,56,106
240,598,6,2,4,6,163,141,288,165,143,290,620,576,218,1415,2031,0,1,1,54,57,107
241,596,8,3,7,10,163,142,283,165,146,285,615,577,221,1422,2039,1,0,2,55,57,109
242,598,9,2,5,7,164,143,282,167,145,286,620,576,223,1427,2048,0,0,2,55,57,111
243,599,6,1,4,5,166,143,284,167,144,288,622,576,224,1431,2054,0,1,0,55,58,111
244,597,5,3,4,7,166,144,282,167,145,285,619,575,227,1435,2059,0,0,3,55,58,114
245,600,10,0,7,7,166,143,281,169,145,286,624,576,227,1442,2069,0,0,0,55,58,114
246,599,7,1,7,8,168,139,285,170,140,289,629,569,228,1449,2076,0,0,1,55,58,115
247,599,8,1,7,8,167,138,286,168,140,291,627,571,229,1456,2084,0,1,0,55,59,115
248,598,9,2,8,10,167,137,285,168,141,289,625,571,231,1464,2093,0,1,1,55,60,116
249,600,6,0,4,4,167,140,287,168,141,291,627,573,231,1468,2099,0,0,0,55,60,116
250,597,8,2,9,11,167,139,283,170,141,286,626,568,233,1477,2107,0,1,1,55,61,117
251,599,12,1,9,10,167,140,280,172,140,287,631,567,234,1486,2119,0,0,1,55,61,118
252,598,6,2,5,7,171,139,282,172,140,286,630,566,236,1491,2125,0,0,2,55,61,120
253,600,10,0,8,8,170,136,284,173,138,289,635,565,236,1499,2135,0,0,0,55,61,120
254,599,7,1,7,8,172,137,283,174,140,285,633,565,237,1506,2142,0,0,1,55,61,121
255,596,6,3,6,9,172,138,280,172,139,285,629,563,240,1512,2148,1,0,2,56,61,123
256,598,8,2,4,6,171,137,282,172,138,288,632,564,242,1516,2156,0,1,1,56,62,124
257,599,5,1,3,4,171,136,287,173,138,288,634,564,243,1519,2161,1,0,0,57,62,124
258,600,5,0,4,4,172,137,286,172,137,291,635,565,243,1523,2166,0,0,0,57,62,124
259,600,4,0,4,4,172,137,287,172,138,290,634,566,243,1527,2170,0,0,0,57,62,124
260,599,5,1,5,6,171,135,288,175,135,289,639,559,244,1532,2175,1,0,0,58,62,124
261,599,8,1,7,8,173,133,285,175,135,289,639,559,245,1539,2183,0,0,1,58,62,125
262,599,7,1,6,7,174,132,286,177,134,288,642,556,246,1545,2190,1,0,0,59,62,125
263,598,5,2,4,6,174,133,286,176,134,288,640,556,248,1549,2195,2,0,0,61,62,125
264,600,8,0,6,6,173,134,285,176,134,290,642,558,248,1555,2203,0,0,0,61,62,125
265,599,4,1,4,5,175,134,286,175,137,287,637,561,249,1559,2207,0,0,1,61,62,126
266,599,4,1,3,4,174,135,286,175,136,288,638,560,250,1562,2211,0,1,0,61,63,126
267,599,9,1,8,9,173,134,283,177,135,287,641,557,251,1570,2220,0,0,1,61,63,127
268,600,8,0,7,7,176,135,281,177,137,286,640,560,251,1577,2228,0,0,0,61,63,127
269,600,7,0,7,7,176,133,284,178,133,289,645,555,251,1584,2235,0,0,0,61,63,127
270,599,7,1,7,8,176,132,284,179,134,286,644,554,252,1591,2242,1,0,0,62,63,127
271,600,10,0,9,9,177,132,281,180,133,287,647,553,252,1600,2252,0,0,0,62,63,127
272,599,6,1,6,7,179,129,285,182,131,286,650,548,253,1606,2258,0,0,1,62,63,128
273,600,8,0,7,7,180,130,282,183,131,286,652,548,253,1613,2266,0,0,0,62,63,128
274,600,14,0,14,14,180,125,281,183,128,289,655,545,253,1627,2280,0,0,0,62,63,128
275,600,7,0,7,7,179,125,289,181,127,292,654,546,253,1634,2287,0,0,0,62,63,128
276,598,6,1,7,8,178,125,289,181,125,292,654,542,254,1641,2293,0,0,1,62,63,129
277,600,8,0,6,6,179,124,289,180,128,292,652,548,254,1647,2301,0,0,0,62,63,129
278,598,10,2,10,12,178,124,286,181,126,291,653,543,256,1657,2311,0,0,2,62,63,131
279,599,8,1,6,7,178,125,288,180,129,290,650,548,257,1663,2319,0,0,1,62,63,132
280,598,6,2,5,7,178,127,287,179,127,292,650,546,259,1668,2325,0,0,2,62,63,134
281,599,9,1,7,8,175,126,289,178,126,295,651,547,260,1675,2334,0,0,1,62,63,135
282,600,8,0,7,7,175,123,294,178,125,297,653,547,260,1682,2342,0,0,0,62,63,135
283,599,5,1,5,6,177,125,292,178,126,295,651,547,261,1687,2347,0,0,1,62,63,136
284,600,6,0,5,5,175,125,294,176,126,298,650,550,261,1692,2353,0,0,0,62,63,136
285,598,4,2,4,6,175,125,294,176,125,297,649,547,263,1696,2357,0,0,2,62,63,138
286,599,9,1,7,8,175,121,294,177,123,299,653,545,264,1703,2366,1,0,0,63,63,138
287,600,9,0,8,8,176,119,296,181,120,299,661,539,264,1711,2375,0,0,0,63,63,138
288,599,6,1,6,7,180,120,293,184,122,293,661,537,265,1717,2381,0,0,1,63,63,139
289,600,4,0,3,3,183,122,291,185,122,293,663,537,265,1720,2385,0,0,0,63,63,139
290,598,11,2,11,13,181,120,286,184,122,292,660,536,267,1731,2396,0,1,1,63,64,140
291,600,4,0,2,2,183,122,291,186,123,291,663,537,267,1733,2400,0,0,0,63,64,140
292,600,7,0,7,7,182,122,289,182,124,294,658,542,267,1740,2407,0,0,0,63,64,140
293,596,6,4,6,10,179,122,289,181,123,292,654,538,271,1746,2413,0,1,3,63,65,143
294,598,10,2,6,8,180,121,287,184,123,291,659,537,273,1752,2423,1,0,1,64,65,144
295,600,4,0,2,2,183,122,291,183,122,295,661,539,273,1754,2427,0,0,0,64,65,144
296,600,7,0,7,7,183,121,289,185,123,292,662,538,273,1761,2434,0,0,0,64,65,144
297,599,7,1,7,8,183,123,286,185,124,290,660,538,274,1768,2441,0,0,1,64,65,145
298,600,7,0,6,6,185,121,287,188,123,289,665,535,274,1774,2448,0,0,0,64,65,145
299,600,6,0,6,6,184,121,289,186,121,293,665,535,274,1780,2454,0,0,0,64,65,145
300,599,4,1,4,5,185,119,291,187,120,292,666,532,275,1784,2458,0,0,1,64,65,146
301,599,7,1,6,7,185,118,289,187,118,294,668,530,276,1790,2465,0,1,0,64,66,146
302,598,6,2,5,7,186,116,290,188,119,291,667,529,278,1795,2471,0,0,2,64,66,148
303,600,7,0,5,5,186,118,289,189,119,292,670,530,278,1800,2478,0,0,0,64,66,148
304,599,5,1,5,6,188,118,288,191,118,290,672,526,279,1805,2483,0,1,0,64,67,148
305,598,5,2,4,6,190,118,285,193,118,287,673,523,281,1809,2488,1,0,1,65,67,149
306,599,7,1,5,6,190,118,284,193,120,286,672,526,282,1814,2495,1,0,0,66,67,149
307,599,6,1,5,6,192,120,281,195,122,282,672,526,283,1819,2501,0,0,1,66,67,150
308,598,9,2,8,10,193,120,276,194,123,281,669,527,285,1827,2510,1,1,0,67,68,150
309,600,7,0,5,5,193,122,278,196,123,281,673,527,285,1832,2517,0,0,0,67,68,150
310,599,7,1,7,8,193,120,279,195,122,282,672,526,286,1839,2524,1,0,0,68,68,150
311,599,10,1,9,10,193,119,277,196,120,283,675,523,287,1848,2534,0,0,1,68,68,151
312,599,5,1,4,5,194,119,281,197,119,283,677,521,288,1852,2539,0,0,1,68,68,152
313,600,9,0,8,8,195,117,279,197,119,284,678,522,288,1860,2548,0,0,0,68,68,152
314,598,6,2,6,8,195,115,282,197,116,285,679,517,290,1866,2554,1,1,0,69,69,152
315,600,10,0,8,8,196,113,281,201,116,283,685,515,290,1874,2564,0,0,0,69,69,152
316,599,6,0,7,7,200,115,278,202,116,281,685,513,290,1881,2570,0,0,0,69,69,152
317,599,12,1,11,12,197,115,275,203,115,281,687,511,291,1892,2582,1,0,0,70,69,152
318,600,4,0,3,3,201,115,280,203,115,282,688,512,291,1895,2586,0,0,0,70,69,152
319,600,11,0,11,11,201,112,276,204,114,282,690,510,291,1906,2597,0,0,0,70,69,152
320,599,4,1,4,5,203,113,279,206,114,279,691,507,292,1910,2601,0,1,0,70,70,152
321,600,3,0,2,2,206,113,278,206,114,280,692,508,292,1912,2604,0,0,0,70,70,152
322,598,7,2,7,9,200,112,279,203,113,282,688,508,294,1919,2611,2,0,0,72,70,152
323,600,7,0,5,5,202,110,281,205,111,284,694,506,294,1924,2618,0,0,0,72,70,152
324,599,2,1,2,3,203,110,284,203,110,286,692,506,295,1926,2620,0,1,0,72,71,152
325,596,8,3,8,11,201,109,278,206,112,278,690,502,298,1934,2628,0,0,3,72,71,155
326,598,7,2,3,5,205,111,275,205,114,279,689,507,300,1937,2635,1,1,0,73,72,155
327,598,5,2,3,5,204,113,276,204,115,279,687,509,302,1940,2640,0,0,2,73,72,157
328,599,13,1,11,12,200,112,274,202,116,281,685,513,303,1951,2653,1,0,0,74,72,157
329,598,4,1,4,5,200,115,279,201,116,281,683,513,304,1955,2657,1,0,0,75,72,157
330,600,8,0,6,6,198,114,280,201,115,284,686,514,304,1961,2665,0,0,0,75,72,157
331,599,5,1,5,6,200,114,280,202,114,283,687,511,305,1966,2670,1,0,0,76,72,157
332,600,7,0,6,6,200,113,280,205,113,282,692,508,305,1972,2677,0,0,0,76,72,157
333,600,5,0,5,5,203,111,281,203,111,286,692,508,305,1977,2682,0,0,0,76,72,157
334,599,7,1,7,8,200,110,282,201,112,286,688,510,306,1984,2689,0,0,1,76,72,158
335,600,5,0,4,4,200,111,284,203,112,285,691,509,306,1988,2694,0,0,0,76,72,158
336,598,8,2,8,10,201,112,277,203,114,281,687,509,308,1996,2702,1,0,1,77,72,159
337,599,8,1,6,7,199,114,278,202,115,282,686,512,309,2002,2710,1,0,0,78,72,159
338,599,4,1,3,4,200,115,280,201,115,283,685,513,310,2005,2714,0,0,1,78,72,160
339,598,3,2,2,4,199,115,281,200,115,283,683,513,312,2007,2717,1,0,1,79,72,161
340,598,10,1,9,10,197,112,279,202,113,283,687,509,313,2016,2727,0,0,1,79,72,162
341,598,6,2,4,6,201,111,280,202,114,282,686,510,315,2020,2733,0,1,1,79,73,163
342,599,6,1,4,5,201,113,279,203,114,282,688,510,316,2024,2739,1,0,0,80,73,163
343,597,12,2,12,14,199,114,272,202,116,279,683,511,318,2036,2751,0,0,2,80,73,165
344,599,4,1,1,2,201,116,278,202,117,280,684,514,319,2037,2755,1,0,0,81,73,165
345,600,6,0,5,5,202,116,276,206,117,277,689,511,319,2042,2761,0,0,0,81,73,165
346,599,2,1,2,3,205,116,276,206,117,276,688,510,320,2044,2763,0,1,0,81,74,165
347,600,8,0,7,7,205,116,271,209,116,275,693,507,320,2051,2771,0,0,0,81,74,165
348,599,11,1,11,12,205,112,271,206,114,279,691,507,321,2062,2782,0,0,1,81,74,166
349,598,8,2,7,9,202,113,275,206,113,279,691,505,323,2069,2790,1,0,1,82,74,167
350,599,14,0,13,13,203,110,272,207,113,279,693,505,323,2082,2804,0,0,0,82,74,167
351,599,9,1,8,9,204,113,273,206,116,277,689,509,324,2090,2813,1,0,0,83,74,167
352,599,6,1,5,6,203,115,275,205,116,278,688,510,325,2095,2819,0,1,0,83,75,167
353,598,8,2,7,9,202,114,274,204,115,279,687,509,327,2102,2827,1,1,0,84,76,167
354,598,9,2,7,9,200,113,276,206,113,279,691,505,329,2109,2836,1,0,1,85,76,168
355,598,7,1,6,7,204,112,275,206,115,277,689,507,330,2115,2843,0,0,1,85,76,169
356,600,7,0,5,5,205,114,274,206,117,277,689,511,330,2120,2850,0,0,0,85,76,169
357,599,5,1,5,6,204,116,274,207,116,276,690,508,331,2125,2855,0,0,1,85,76,170
358,599,4,1,3,4,205,114,276,207,114,278,692,506,332,2128,2859,1,0,0,86,76,170
359,600,8,0,7,7,205,112,275,209,112,279,697,503,332,2135,2867,0,0,0,86,76,170
360,599,8,0,9,9,207,111,273,208,113,278,694,504,332,2144,2875,0,0,0,86,76,170
361,600,8,0,7,7,206,110,276,210,111,279,699,501,332,2151,2883,0,0,0,86,76,170
362,600,6,0,6,6,208,111,275,211,112,277,699,501,332,2157,2889,0,0,0,86,76,170
363,599,6,1,6,7,207,111,275,208,113,278,694,504,333,2163,2895,1,0,0,87,76,170
364,599,7,1,6,7,206,112,274,207,113,279,693,505,334,2169,2902,1,0,0,88,76,170
365,600,5,0,4,4,204,112,279,207,112,281,695,505,334,2173,2907,0,0,0,88,76,170
366,599,6,1,6,7,205,109,279,208,110,281,697,501,335,2179,2913,0,1,0,88,77,170
367,599,4,1,3,4,207,109,279,207,109,283,697,501,336,2182,2917,0,0,1,88,77,171
368,600,11,0,10,10,202,107,280,205,112,283,693,507,336,2192,2928,0,0,0,88,77,171
369,600,1,0,1,1,204,112,283,204,113,283,691,509,336,2193,2929,0,0,0,88,77,171
370,600,3,0,3,3,203,112,282,204,112,284,692,508,336,2196,2932,0,0,0,88,77,171
371,597,6,3,6,9,203,111,277,205,111,281,691,503,339,2202,2938,0,1,2,88,78,173
372,600,12,0,9,9,202,108,278,206,113,281,693,507,339,2211,2950,0,0,0,88,78,173
373,599,4,1,4,5,203,113,279,203,113,283,689,509,340,2215,2954,1,0,0,89,78,173
374,598,4,2,3,5,202,113,279,204,113,281,689,507,342,2218,2958,0,0,2,89,78,175
375,599,6,1,4,5,202,111,280,203,112,284,690,508,343,2222,2964,1,0,0,90,78,175
376,599,6,1,5,6,201,111,281,202,111,286,690,508,344,2227,2970,0,0,1,90,78,176
377,598,6,2,5,7,199,110,283,199,111,288,686,510,346,2232,2976,0,1,1,90,79,177
378,599,5,1,3,4,197,109,288,198,109,292,688,510,347,2235,2981,0,1,0,90,80,177
379,599,6,1,5,6,198,109,286,200,110,289,689,509,348,2240,2987,0,0,1,90,80,178
380,599,8,0,8,8,198,109,284,200,112,287,687,511,348,2248,2995,0,0,0,90,80,178
381,598,3,2,2,4,200,111,284,201,111,286,688,508,350,2250,2998,0,0,2,90,80,180
382,599,6,1,4,5,198,110,285,199,112,288,686,512,351,2254,3004,1,0,0,91,80,180
383,598,4,2,3,5,196,112,286,197,113,288,682,514,353,2257,3008,1,0,1,92,80,181
384,598,5,2,3,5,194,113,286,195,114,289,679,517,355,2260,3013,1,0,1,93,80,182
385,600,5,0,3,3,195,114,286,196,114,290,682,518,355,2263,3018,0,0,0,93,80,182
386,599,2,1,2,3,196,113,288,196,114,289,681,517,356,2265,3020,0,0,1,93,80,183
387,600,8,0,7,7,193,113,286,194,118,288,676,524,356,2272,3028,0,0,0,93,80,183
388,600,5,0,5,5,192,117,286,194,118,288,676,524,356,2277,3033,0,0,0,93,80,183
389,600,5,0,5,5,194,115,286,195,116,289,679,521,356,2282,3038,0,0,0,93,80,183
390,599,5,1,5,6,194,116,284,195,116,288,678,520,357,2287,3043,0,0,1,93,80,184
391,599,7,0,7,7,194,114,284,195,115,289,679,519,357,2294,3050,0,0,0,93,80,184
392,598,10,2,9,11,190,113,285,190,115,293,673,523,359,2303,3060,1,0,1,94,80,185
393,599,8,1,6,7,188,114,289,189,117,293,671,527,360,2309,3068,0,0,1,94,80,186
394,598,7,1,7,8,188,115,288,188,116,294,670,526,361,2316,3075,1,0,0,95,80,186
395,600,8,0,6,6,184,115,293,188,116,296,672,528,361,2322,3083,0,0,0,95,80,186
396,597,6,3,6,9,185,114,292,188,115,294,670,524,364,2328,3089,1,1,1,96,81,187
397,599,8,1,5,6,187,114,290,190,117,292,672,526,365,2333,3097,0,0,1,96,81,188
398,599,7,1,6,7,190,116,286,193,119,287,673,525,366,2339,3104,0,0,1,96,81,189
399,600,7,0,6,6,190,119,284,191,120,289,671,529,366,2345,3111,0,0,0,96,81,189
400,598,3,2,3,5,189,117,289,190,117,291,671,525,368,2348,3114,1,1,0,97,82,189
401,598,9,2,7,9,188,113,288,192,114,292,676,520,370,2355,3123,1,0,1,98,82,190
402,599,5,1,3,4,189,114,291,191,116,292,674,524,371,2358,3128,1,0,0,99,82,190
403,598,9,2,8,10,185,116,288,188,118,292,668,528,373,2366,3137,1,0,1,100,82,191
404,599,11,1,9,10,185,114,289,187,117,295,669,529,374,2375,3148,1,0,0,101,82,191
405,598,6,2,5,7,183,116,293,185,118,295,665,531,376,2380,3154,1,1,0,102,83,191
406,599,8,1,6,7,182,115,294,186,115,298,670,528,377,2386,3162,1,0,0,103,83,191
407,598,10,2,9,11,183,113,292,186,117,295,667,529,379,2395,3172,1,0,1,104,83,192
408,599,6,0,5,5,185,116,292,186,116,297,669,529,379,2400,3178,0,0,0,104,83,192
409,599,6,0,6,6,182,116,295,183,117,299,665,533,379,2406,3184,0,0,0,104,83,192
410,599,9,1,8,9,181,116,293,185,118,296,666,532,380,2414,3193,0,1,0,104,84,192
411,600,7,0,6,6,183,117,293,184,119,297,665,535,380,2420,3200,0,0,0,104,84,192
412,600,4,0,4,4,184,118,294,185,119,296,666,534,380,2424,3204,0,0,0,104,84,192
413,599,1,1,1,2,184,119,295,184,119,296,664,534,381,2425,3205,0,0,1,104,84,193
414,600,11,0,10,10,179,116,294,184,117,299,667,533,381,2435,3216,0,0,0,104,84,193
415,595,5,3,7,10,180,115,295,183,115,297,663,527,384,2442,3221,2,0,1,106,84,194
416,600,8,0,3,3,182,113,297,185,116,299,669,531,384,2445,3229,0,0,0,106,84,194
417,599,6,1,6,7,183,113,297,188,113,298,674,524,385,2451,3235,0,1,0,106,85,194
418,600,12,0,11,11,185,112,291,188,115,297,673,527,385,2462,3247,0,0,0,106,85,194
419,596,5,2,7,9,184,113,294,185,113,298,668,524,387,2469,3252,1,0,1,107,85,195
420,600,10,0,6,6,185,109,296,189,110,301,679,521,387,2475,3262,0,0,0,107,85,195
421,597,5,2,6,8,186,110,296,189,110,298,676,518,389,2481,3267,0,0,2,107,85,197
422,599,13,1,10,11,188,106,292,193,108,298,684,514,390,2491,3280,0,0,1,107,85,198
423,598,8,2,7,9,192,106,292,195,108,295,685,511,392,2498,3288,0,1,1,107,86,199
424,598,8,2,6,8,193,108,289,197,109,292,686,510,394,2504,3296,1,0,1,108,86,200
425,600,10,0,8,8,196,106,288,202,106,292,696,504,394,2512,3306,0,0,0,108,86,200
426,600,2,0,2,2,202,106,290,202,106,292,696,504,394,2514,3308,0,0,0,108,86,200
427,600,4,0,4,4,199,105,292,201,105,294,696,504,394,2518,3312,0,0,0,108,86,200
428,600,5,0,5,5,199,104,292,202,105,293,697,503,394,2523,3317,0,0,0,108,86,200
429,600,6,0,6,6,200,104,290,202,105,293,697,503,394,2529,3323,0,0,0,108,86,200
430,599,2,0,3,3,202,103,292,202,104,293,697,501,394,2532,3325,0,0,0,108,86,200
431,597,9,3,8,11,199,102,287,205,103,289,699,495,397,2540,3334,1,1,1,109,87,201
432,599,5,1,2,3,205,102,287,206,102,291,703,495,398,2542,3339,0,0,1,109,87,202
433,598,7,2,6,8,204,101,286,205,103,290,700,496,400,2548,3346,1,0,1,110,87,203
434,599,10,1,8,9,202,103,284,205,103,291,701,497,401,2556,3356,1,0,0,111,87,203
435,598,4,2,3,5,203,103,288,206,103,289,701,495,403,2559,3360,1,0,1,112,87,204
436,600,8,0,6,6,205,102,285,207,104,289,703,497,403,2565,3368,0,0,0,112,87,204
437,596,6,4,6,10,205,102,283,208,104,284,700,492,407,2571,3374,2,0,2,114,87,206
438,599,6,1,2,3,206,104,283,209,106,284,702,496,408,2573,3380,1,0,0,115,87,206
439,596,5,3,5,8,206,103,282,208,103,285,701,491,411,2578,3385,0,2,1,115,89,207
440,599,12,1,8,9,206,102,279,209,106,284,702,496,412,2586,3397,0,0,1,115,89,208
441,599,8,1,7,8,206,106,279,211,107,281,703,495,413,2593,3405,0,0,1,115,89,209
442,597,7,2,7,9,207,105,278,208,109,280,696,498,415,2600,3412,1,1,0,116,90,209
443,599,7,1,4,5,206,108,278,209,111,279,697,501,416,2604,3419,1,0,0,117,90,209
444,599,4,1,3,4,209,111,275,210,111,278,698,500,417,2607,3423,0,0,1,117,90,210
445,600,4,0,3,3,209,111,276,211,111,278,700,500,417,2610,3427,0,0,0,117,90,210
446,599,13,0,14,14,202,110,274,207,112,280,694,504,417,2624,3440,0,0,0,117,90,210
447,599,4,1,3,4,207,111,277,208,112,279,695,503,418,2627,3444,0,0,1,117,90,211
448,600,9,0,8,8,204,110,277,207,113,280,694,506,418,2635,3453,0,0,0,117,90,211
449,600,4,0,4,4,207,113,276,209,114,277,695,505,418,2639,3457,0,0,0,117,90,211
450,599,3,1,3,4,208,113,275,208,113,278,694,504,419,2642,3460,1,0,0,118,90,211
451,599,6,1,5,6,205,112,276,207,114,278,692,506,420,2647,3466,0,0,1,118,90,212
452,599,4,1,3,4,207,112,276,207,113,279,693,505,421,2650,3470,0,1,0,118,91,212
453,599,8,1,7,8,204,112,275,205,114,280,690,508,422,2657,3478,1,0,0,119,91,212
454,598,10,2,9,11,202,112,274,208,113,277,693,503,424,2666,3488,0,0,2,119,91,214
455,598,9,2,7,9,202,112,275,204,114,280,688,508,426,2673,3497,1,1,0,120,92,214
456,599,13,1,11,12,198,113,275,203,115,281,687,511,427,2684,3510,0,1,0,120,93,214
457,600,11,0,10,10,199,113,277,203,117,280,686,514,427,2694,3521,0,0,0,120,93,214
458,600,3,0,3,3,202,116,279,203,117,280,686,514,427,2697,3524,0,0,0,120,93,214
459,600,5,0,5,5,202,117,276,203,118,279,685,515,427,2702,3529,0,0,0,120,93,214
460,600,5,0,5,5,201,118,276,204,118,278,686,514,427,2707,3534,0,0,0,120,93,214
461,599,6,1,6,7,200,118,275,202,119,278,682,516,428,2713,3540,0,0,1,120,93,215
462,598,6,2,5,7,200,117,275,202,119,277,681,515,430,2718,3546,1,0,1,121,93,216
463,600,8,0,6,6,202,118,272,207,120,273,687,513,430,2724,3554,0,0,0,121,93,216
464,597,3,3,3,6,207,117,270,208,117,272,688,506,433,2727,3557,0,1,2,121,94,218
465,599,4,1,1,2,207,116,272,208,116,275,691,507,434,2728,3561,0,1,0,121,95,218
466,599,4,1,3,4,207,116,272,208,116,275,691,507,435,2731,3565,0,0,1,121,95,219
467,600,5,0,4,4,208,115,272,208,117,275,691,509,435,2735,3570,0,0,0,121,95,219
468,600,3,0,3,3,208,116,273,209,118,273,691,509,435,2738,3573,0,0,0,121,95,219
469,599,9,1,9,10,205,118,267,209,120,270,688,510,436,2747,3582,0,0,1,121,95,220
470,599,6,1,5,6,208,118,267,208,121,270,686,512,437,2752,3588,1,0,0,122,95,220
471,600,11,0,10,10,204,120,265,210,120,270,690,510,437,2762,3599,0,0,0,122,95,220
472,600,5,0,5,5,210,119,266,213,119,268,694,506,437,2767,3604,0,0,0,122,95,220
473,599,5,0,6,6,209,119,266,211,120,268,690,508,437,2773,3609,0,0,0,122,95,220
474,600,8,0,7,7,209,118,265,211,120,269,691,509,437,2780,3617,0,0,0,122,95,220
475,600,8,0,8,8,208,119,265,209,121,270,688,512,437,2788,3625,0,0,0,122,95,220
476,599,3,1,3,4,209,121,266,211,121,267,689,509,438,2791,3628,0,0,1,122,95,221
477,598,4,1,4,5,209,120,265,211,121,266,688,508,439,2795,3632,0,0,1,122,95,222
478,600,13,0,11,11,207,120,260,212,121,267,691,509,439,2806,3645,0,0,0,122,95,222
479,597,8,3,8,11,207,119,263,208,120,269,685,509,442,2814,3653,1,0,2,123,95,224
480,599,13,1,10,11,205,117,264,209,119,271,689,509,443,2824,3666,1,0,0,124,95,224
481,600,6,0,5,5,208,118,268,211,120,269,691,509,443,2829,3672,0,0,0,124,95,224
482,599,4,1,4,5,208,120,267,210,120,269,689,509,444,2833,3676,0,0,1,124,95,225
483,599,9,1,8,9,205,119,266,207,121,271,685,513,445,2841,3685,1,0,0,125,95,225
484,599,4,1,3,4,206,120,269,206,123,270,682,516,446,2844,3689,0,1,0,125,96,225
485,600,6,0,5,5,203,122,269,206,123,271,683,517,446,2849,3695,0,0,0,125,96,225
486,600,8,0,8,8,205,120,267,207,121,272,686,514,446,2857,3703,0,0,0,125,96,225
487,598,3,2,3,5,206,120,269,207,120,271,685,511,448,2860,3706,0,1,1,125,97,226
488,599,8,1,6,7,206,118,267,209,119,271,689,509,449,2866,3714,0,0,1,125,97,227
489,600,5,0,4,4,208,117,270,210,117,273,693,507,449,2870,3719,0,0,0,125,97,227
490,600,2,0,2,2,210,116,272,210,116,274,694,506,449,2872,3721,0,0,0,125,97,227
491,600,6,0,6,6,204,116,274,207,116,277,691,509,449,2878,3727,0,0,0,125,97,227
492,599,6,1,6,7,205,114,274,207,117,275,689,509,450,2884,3733,0,0,1,125,97,228
493,599,6,1,5,6,203,116,274,203,118,278,684,514,451,2889,3739,1,0,0,126,97,228
494,598,10,2,9,11,199,116,273,202,118,278,682,514,453,2898,3749,0,0,2,126,97,230
495,600,7,0,5,5,201,117,275,203,117,280,686,514,453,2903,3756,0,0,0,126,97,230
496,597,4,3,4,7,200,117,276,203,118,276,682,512,456,2907,3760,1,0,2,127,97,232
497,600,10,0,7,7,199,118,273,202,121,277,681,519,456,2914,3770,0,0,0,127,97,232
498,599,8,1,8,9,201,121,269,204,124,271,679,519,457,2922,3778,0,0,1,127,97,233
499,597,4,3,3,6,203,124,266,204,125,268,676,518,460,2925,3782,0,0,3,127,97,236
500,599,11,1,8,9,202,122,264,206,122,271,683,515,461,2933,3793,0,0,1,127,97,237
501,596,3,3,3,6,203,121,269,203,124,269,675,517,464,2936,3796,3,0,0,130,97,237
502,599,10,1,6,7,200,122,267,205,125,269,679,519,465,2942,3806,0,1,0,130,98,237
503,598,3,1,3,4,204,124,267,205,124,269,679,517,466,2945,3809,0,0,1,130,98,238
504,598,9,2,7,9,204,120,265,207,122,269,683,513,468,2952,3818,1,1,0,131,99,238
505,599,3,1,1,2,206,122,268,208,123,268,684,514,469,2953,3821,1,0,0,132,99,238
506,599,8,1,7,8,207,121,263,210,122,267,687,511,470,2960,3829,1,0,0,133,99,238
507,599,6,1,5,6,209,119,265,212,119,268,692,506,471,2965,3835,0,1,0,133,100,238
508,597,8,3,7,10,210,115,264,212,117,268,692,502,474,2972,3843,1,1,1,134,101,239
509,600,12,0,9,9,209,114,265,213,116,271,697,503,474,2981,3855,0,0,0,134,101,239
510,599,4,1,4,5,212,114,269,214,114,271,699,499,475,2985,3859,0,1,0,134,102,239
511,599,7,1,6,7,212,114,266,216,114,269,701,497,476,2991,3866,0,0,1,134,102,240
512,599,8,1,7,8,214,113,264,216,115,268,700,498,477,2998,3874,0,0,1,134,102,241
513,600,4,0,3,3,216,114,266,218,115,267,703,497,477,3001,3878,0,0,0,134,102,241
514,598,10,2,10,12,212,113,263,216,113,269,701,495,479,3011,3888,1,1,0,135,103,241
515,600,9,0,7,7,214,113,264,218,114,268,704,496,479,3018,3897,0,0,0,135,103,241
516,599,8,1,8,9,214,111,266,216,114,269,701,497,480,3026,3905,0,1,0,135,104,241
517,600,5,0,4,4,214,113,268,216,113,271,703,497,480,3030,3910,0,0,0,135,104,241
518,596,4,3,5,8,214,109,269,215,110,271,701,491,483,3035,3914,0,2,1,135,106,242
519,599,13,1,9,10,214,106,266,217,108,274,708,490,484,3044,3927,0,0,1,135,106,243
520,600,7,0,6,6,215,108,270,218,112,270,706,494,484,3050,3934,0,0,0,135,106,243
521,598,7,2,7,9,215,111,265,215,112,271,701,495,486,3057,3941,1,0,1,136,106,244
522,600,9,0,7,7,213,109,269,216,111,273,705,495,486,3064,3950,0,0,0,136,106,244
523,598,5,2,5,7,214,110,269,217,112,269,703,493,488,3069,3955,0,1,1,136,107,245
524,598,6,2,4,6,216,110,266,217,112,269,703,493,490,3073,3961,0,1,1,136,108,246
525,598,14,2,12,14,212,110,262,219,111,268,706,490,492,3085,3975,1,0,1,137,108,247
526,598,10,1,9,10,217,110,261,221,114,263,705,491,493,3094,3985,0,0,1,137,108,248
527,598,3,2,1,3,220,114,261,221,114,263,705,491,495,3095,3988,0,0,2,137,108,250
528,599,4,1,2,3,219,114,262,221,114,264,706,492,496,3097,3992,1,0,0,138,108,250
529,600,7,0,6,6,220,113,260,223,114,263,709,491,496,3103,3999,0,0,0,138,108,250
530,599,5,1,5,6,221,112,261,222,114,263,707,491,497,3108,4004,0,0,1,138,108,251
531,599,7,1,6,7,217,113,262,220,114,265,705,493,498,3114,4011,1,0,0,139,108,251
532,600,5,0,4,4,218,113,264,221,113,266,708,492,498,3118,4016,0,0,0,139,108,251
533,598,2,2,2,4,220,111,265,220,112,266,706,490,500,3120,4018,1,1,0,140,109,251
534,600,8,0,6,6,218,111,263,222,111,267,711,489,500,3126,4026,0,0,0,140,109,251
535,600,7,0,7,7,220,110,263,223,111,266,712,488,500,3133,4033,0,0,0,140,109,251
536,599,2,1,2,3,222,111,264,222,112,265,709,489,501,3135,4035,0,0,1,140,109,252
537,600,8,0,7,7,220,112,260,223,115,262,708,492,501,3142,4043,0,0,0,140,109,252
538,598,9,1,10,11,219,114,256,221,116,261,703,493,502,3152,4052,0,0,1,140,109,253
539,600,5,0,3,3,220,116,259,222,118,260,704,496,502,3155,4057,0,0,0,140,109,253
540,600,6,0,6,6,219,117,258,221,119,260,702,498,502,3161,4063,0,0,0,140,109,253
541,600,8,0,8,8,216,117,259,219,117,264,702,498,502,3169,4071,0,0,0,140,109,253
542,600,7,0,7,7,217,116,260,218,118,264,700,500,502,3176,4078,0,0,0,140,109,253
543,599,5,1,5,6,217,116,261,219,116,264,702,496,503,3181,4083,0,0,1,140,109,254
544,599,4,1,3,4,216,116,263,217,117,265,699,499,504,3184,4087,1,0,0,141,109,254
545,598,8,2,7,9,214,116,260,216,118,264,696,500,506,3191,4095,0,0,2,141,109,256
546,600,11,0,9,9,211,116,262,214,118,268,696,504,506,3200,4106,0,0,0,141,109,256
547,598,6,2,6,8,213,117,262,216,118,264,696,500,508,3206,4112,0,1,1,141,110,257
548,598,4,2,2,4,213,117,264,214,117,267,695,501,510,3208,4116,1,1,0,142,111,257
549,599,6,1,4,5,212,116,265,214,118,267,695,503,511,3212,4122,0,0,1,142,111,258
550,599,10,1,9,10,209,117,263,214,118,267,695,503,512,3221,4132,1,0,0,143,111,258
551,598,6,2,5,7,210,116,266,212,116,270,694,502,514,3226,4138,2,0,0,145,111,258
552,599,12,1,10,11,207,115,265,211,117,271,693,505,515,3236,4150,1,0,0,146,111,258
553,600,7,0,6,6,208,117,268,210,118,272,692,508,515,3242,4157,0,0,0,146,111,258
554,597,9,3,9,12,209,114,265,212,116,269,693,501,518,3251,4166,0,1,2,146,112,260
555,598,9,2,6,8,208,116,265,211,119,268,690,506,520,3257,4175,1,0,1,147,112,261
556,600,8,0,6,6,208,117,267,211,118,271,693,507,520,3263,4183,0,0,0,147,112,261
557,600,8,0,8,8,208,115,269,212,117,271,695,505,520,3271,4191,0,0,0,147,112,261
558,600,7,0,7,7,210,115,268,214,116,270,698,502,520,3278,4198,0,0,0,147,112,261
559,597,9,3,9,12,210,116,262,214,117,266,694,500,523,3287,4207,1,0,2,148,112,263
560,599,8,1,5,6,213,116,262,217,116,266,700,498,524,3292,4215,0,0,1,148,112,264
561,600,9,0,8,8,215,114,262,218,117,265,701,499,524,3300,4224,0,0,0,148,112,264
562,599,5,0,6,6,217,116,261,218,117,264,700,498,524,3306,4229,0,0,0,148,112,264
563,600,5,0,4,4,217,115,263,218,116,266,702,498,524,3310,4234,0,0,0,148,112,264
564,598,4,2,4,6,215,115,264,216,116,266,698,498,526,3314,4238,1,0,1,149,112,265
565,599,6,1,4,5,213,116,264,216,117,266,698,500,527,3318,4244,1,0,0,150,112,265
566,598,7,2,6,8,211,116,264,214,116,268,696,500,529,3324,4251,1,1,0,151,113,265
567,599,8,1,6,7,213,115,263,214,118,267,695,503,530,3330,4259,0,0,1,151,113,266
568,600,6,0,5,5,209,118,267,211,118,271,693,507,530,3335,4265,0,0,0,151,113,266
569,600,5,0,5,5,210,115,270,212,117,271,695,505,530,3340,4270,0,0,0,151,113,266
570,598,8,2,8,10,205,116,269,208,118,272,688,508,532,3348,4278,1,0,1,152,113,267
571,599,12,1,10,11,205,116,266,207,118,274,688,510,533,3358,4290,0,0,1,152,113,268
572,599,7,1,6,7,206,115,271,208,116,275,691,507,534,3364,4297,0,1,0,152,114,268
573,600,3,0,2,2,208,115,274,208,115,277,693,507,534,3366,4300,0,0,0,152,114,268
574,600,3,0,3,3,208,113,276,209,113,278,696,504,534,3369,4303,0,0,0,152,114,268
575,599,3,1,3,4,208,112,276,209,113,277,695,503,535,3372,4306,0,0,1,152,114,269
576,599,9,1,8,9,207,111,272,209,112,278,696,502,536,3380,4315,0,0,1,152,114,270
577,597,5,3,4,7,204,111,277,206,112,279,691,503,539,3384,4320,2,1,0,154,115,270
578,600,8,0,5,5,203,112,277,207,113,280,694,506,539,3389,4328,0,0,0,154,115,270
579,600,8,0,8,8,205,110,277,209,113,278,696,504,539,3397,4336,0,0,0,154,115,270
580,599,6,1,6,7,205,113,275,208,114,277,693,505,540,3403,4342,1,0,0,155,115,270
581,600,10,0,9,9,205,111,274,205,114,281,691,509,540,3412,4352,0,0,0,155,115,270
582,599,0,1,0,1,205,113,281,205,113,281,691,507,541,3412,4352,0,1,0,155,116,270
583,598,3,2,2,4,203,113,279,204,113,281,689,507,543,3414,4355,2,0,0,157,116,270
584,599,4,1,2,3,202,113,280,202,115,282,686,512,544,3416,4359,0,0,1,157,116,271
585,600,7,0,6,6,200,113,280,203,113,284,690,510,544,3422,4366,0,0,0,157,116,271
586,599,3,1,3,4,203,112,281,205,112,282,692,506,545,3425,4369,0,0,1,157,116,272
587,599,7,1,6,7,202,110,280,206,110,283,695,503,546,3431,4376,0,0,1,157,116,273
588,599,4,1,3,4,204,109,282,205,110,284,694,504,547,3434,4380,0,0,1,157,116,274
589,600,9,0,8,8,202,108,281,205,109,286,696,504,547,3442,4389,0,0,0,157,116,274
590,599,6,1,6,7,203,109,281,205,109,285,695,503,548,3448,4395,0,0,1,157,116,275
591,600,6,0,5,5,204,108,282,208,108,284,700,500,548,3453,4401,0,0,0,157,116,275
592,599,7,1,7,8,206,108,278,207,110,282,696,502,549,3460,4408,0,0,1,157,116,276
593,599,5,1,4,5,205,109,280,207,111,281,695,503,550,3464,4413,0,1,0,157,117,276
594,597,7,1,8,9,204,110,276,207,113,277,691,503,551,3472,4420,0,0,1,157,117,277
595,600,10,0,7,7,205,112,273,211,114,275,697,503,551,3479,4430,0,0,0,157,117,277
596,600,6,0,6,6,206,113,275,207,113,280,694,506,551,3485,4436,0,0,0,157,117,277
597,600,7,0,7,7,203,113,277,204,114,282,690,510,551,3492,4443,0,0,0,157,117,277
598,599,3,0,4,4,201,113,282,202,113,284,688,510,551,3496,4446,0,0,0,157,117,277
599,599,10,1,9,10,199,112,278,203,113,283,689,509,552,3505,4456,1,0,0,158,117,277
600,600,10,0,9,9,203,107,280,207,110,283,697,503,552,3514,4466,0,0,0,158,117,277
601,598,9,2,9,11,205,107,277,210,110,278,698,498,554,3523,4475,0,0,2,158,117,279
602,600,4,0,2,2,209,109,278,211,109,280,702,498,554,3525,4479,0,0,0,158,117,279
603,600,8,0,8,8,209,107,276,212,107,281,705,495,554,3533,4487,0,0,0,158,117,279
604,598,10,1,11,12,208,107,273,213,108,277,703,493,555,3544,4497,0,0,1,158,117,280
605,599,3,1,1,2,213,108,275,215,108,276,706,492,556,3545,4500,0,0,1,158,117,281
606,599,4,1,3,4,212,108,275,215,109,275,705,493,557,3548,4504,1,0,0,159,117,281
607,598,7,2,6,8,212,108,271,215,109,274,704,492,559,3554,4511,1,0,1,160,117,282
608,599,11,1,9,10,213,105,270,218,107,274,710,488,560,3563,4522,0,0,1,160,117,283
609,600,7,0,6,6,214,107,272,215,109,276,706,494,560,3569,4529,0,0,0,160,117,283
610,598,9,2,9,11,212,108,269,215,111,272,702,494,562,3578,4538,0,0,2,160,117,285
611,599,5,1,3,4,213,110,271,214,111,274,702,496,563,3581,4543,0,1,0,160,118,285
612,600,4,0,3,3,212,111,273,214,111,275,703,497,563,3584,4547,0,0,0,160,118,285
613,599,4,1,4,5,211,111,273,212,113,274,698,500,564,3588,4551,0,0,1,160,118,286
614,599,8,1,7,8,212,109,270,214,113,272,700,498,565,3595,4559,0,1,0,160,119,286
615,599,7,1,6,7,211,112,269,212,114,273,697,501,566,3601,4566,0,0,1,160,119,287
616,599,6,1,5,6,208,113,272,210,114,275,695,503,567,3606,4572,0,0,1,160,119,288
617,597,8,3,7,10,206,111,272,209,114,274,692,502,570,3613,4580,1,1,1,161,120,289
618,598,10,2,7,9,207,111,270,211,111,276,698,498,572,3620,4590,1,1,0,162,121,289
619,599,11,1,9,10,210,110,268,217,113,269,703,495,573,3629,4601,0,0,1,162,121,290
620,600,4,0,3,3,215,113,268,217,114,269,703,497,573,3632,4605,0,0,0,162,121,290
621,598,5,2,5,7,214,112,267,216,112,270,702,494,575,3637,4610,0,1,1,162,122,291
622,599,10,1,8,9,213,111,265,216,113,270,702,496,576,3645,4620,1,0,0,163,122,291
623,600,6,0,5,5,214,113,267,216,114,270,702,498,576,3650,4626,0,0,0,163,122,291
624,599,7,0,8,8,214,110,268,218,112,269,705,493,576,3658,4633,0,0,0,163,122,291
625,600,9,0,8,8,217,109,265,221,109,270,712,488,576,3666,4642,0,0,0,163,122,291
626,599,9,1,9,10,216,107,267,221,108,270,712,486,577,3675,4651,1,0,0,164,122,291
627,600,9,0,8,8,218,105,268,222,106,272,716,484,577,3683,4660,0,0,0,164,122,291
628,599,7,1,7,8,218,104,270,220,105,274,714,484,578,3690,4667,0,0,1,164,122,292
629,599,5,1,4,5,218,104,272,219,106,274,712,486,579,3694,4672,1,0,0,165,122,292
630,600,4,0,3,3,218,106,272,219,107,274,712,488,579,3697,4676,0,0,0,165,122,292
631,600,3,0,3,3,218,107,272,218,110,272,708,492,579,3700,4679,0,0,0,165,122,292
632,599,5,1,5,6,216,108,270,217,108,274,708,490,580,3705,4684,0,1,0,165,123,292
633,600,9,0,8,8,215,105,271,218,108,274,710,490,580,3713,4693,0,0,0,165,123,292
634,600,1,0,1,1,218,107,274,218,107,275,711,489,580,3714,4694,0,0,0,165,123,292
635,599,6,1,6,7,216,106,271,218,107,274,710,488,581,3720,4700,0,0,1,165,123,293
636,600,11,0,10,10,217,105,267,219,106,275,713,487,581,3730,4711,0,0,0,165,123,293
637,600,5,0,5,5,219,105,271,221,106,273,715,485,581,3735,4716,0,0,0,165,123,293
638,600,8,0,8,8,219,105,268,220,108,272,712,488,581,3743,4724,0,0,0,165,123,293
639,597,3,3,3,6,220,108,266,223,108,266,712,482,584,3746,4727,0,0,3,165,123,296
640,599,6,1,3,4,222,106,265,225,106,268,718,480,585,3749,4733,0,1,0,165,124,296
641,598,11,2,10,12,220,106,261,227,106,265,719,477,587,3759,4744,0,0,2,165,124,298
642,600,6,0,4,4,227,106,261,230,106,264,724,476,587,3763,4750,0,0,0,165,124,298
643,599,7,1,7,8,230,104,258,233,104,262,728,470,588,3770,4757,0,0,1,165,124,299
644,598,10,2,9,11,232,100,256,237,102,259,733,463,590,3779,4767,0,0,2,165,124,301
645,600,7,0,5,5,235,101,257,236,103,261,733,467,590,3784,4774,0,0,0,165,124,301
646,599,8,1,8,9,231,102,258,235,104,260,730,468,591,3792,4782,1,0,0,166,124,301
647,599,2,1,1,2,233,104,260,234,104,261,729,469,592,3793,4784,1,0,0,167,124,301
648,599,7,1,6,7,234,100,258,237,101,261,735,463,593,3799,4791,0,0,1,167,124,302
649,600,2,0,1,1,237,101,260,238,101,261,737,463,593,3800,4793,0,0,0,167,124,302
650,600,4,0,4,4,234,101,261,237,101,262,736,464,593,3804,4797,0,0,0,167,124,302
651,599,4,1,4,5,236,98,261,237,98,264,738,460,594,3808,4801,0,1,0,167,125,302
652,599,6,1,5,6,236,96,261,237,96,266,740,458,595,3813,4807,0,1,0,167,126,302
653,600,7,0,6,6,234,95,264,237,97,266,740,460,595,3819,4814,0,0,0,167,126,302
654,600,5,0,5,5,234,96,265,237,96,267,741,459,595,3824,4819,0,0,0,167,126,302
655,599,6,1,6,7,233,96,264,235,97,267,737,461,596,3830,4825,0,0,1,167,126,303
656,599,5,0,5,5,235,95,264,238,95,266,742,456,596,3835,4830,0,0,0,167,126,303
657,599,5,1,4,5,236,94,264,237,94,268,742,456,597,3839,4835,1,0,0,168,126,303
658,598,12,1,12,13,230,91,265,232,93,273,737,459,598,3851,4847,0,0,1,168,126,304
659,599,6,1,4,5,231,91,271,232,94,273,737,461,599,3855,4853,0,0,1,168,126,305
660,597,5,3,4,7,230,92,270,232,92,273,737,457,602,3859,4858,1,0,2,169,126,307
661,599,8,1,5,6,230,92,269,233,93,273,739,459,603,3864,4866,1,0,0,170,126,307
662,599,7,1,6,7,229,90,273,232,90,277,741,457,604,3870,4873,0,1,0,170,127,307
663,600,5,0,4,4,230,89,276,232,89,279,743,457,604,3874,4878,0,0,0,170,127,307
664,599,5,1,5,6,229,89,276,231,89,279,741,457,605,3879,4883,0,0,1,170,127,308
665,599,7,1,6,7,227,89,276,230,89,280,740,458,606,3885,4890,1,0,0,171,127,308
666,599,9,1,8,9,227,88,275,228,92,279,735,463,607,3893,4899,1,0,0,172,127,308
667,598,6,2,5,7,225,91,276,226,92,280,732,464,609,3898,4905,1,0,1,173,127,309
668,599,6,1,4,5,224,90,279,227,92,280,734,464,610,3902,4911,1,0,0,174,127,309
669,599,4,1,3,4,226,91,278,228,91,280,736,462,611,3905,4915,0,1,0,174,128,309
670,600,7,0,6,6,225,90,278,228,91,281,737,463,611,3911,4922,0,0,0,174,128,309
671,599,7,1,7,8,225,89,278,228,90,281,737,461,612,3918,4929,1,0,0,175,128,309
672,600,6,0,5,5,225,89,280,227,91,282,736,464,612,3923,4935,0,0,0,175,128,309
673,600,6,0,6,6,224,90,280,225,91,284,734,466,612,3929,4941,0,0,0,175,128,309
674,600,3,0,3,3,225,91,281,226,91,283,735,465,612,3932,4944,0,0,0,175,128,309
675,599,7,1,7,8,222,90,280,225,90,284,734,464,613,3939,4951,1,0,0,176,128,309
676,600,10,0,9,9,223,88,279,224,91,285,733,467,613,3948,4961,0,0,0,176,128,309
677,600,7,0,7,7,223,89,281,225,91,284,734,466,613,3955,4968,0,0,0,176,128,309
678,598,8,2,8,10,220,90,280,221,91,286,728,468,615,3963,4976,1,1,0,177,129,309
679,598,7,2,5,7,220,91,280,221,93,284,726,470,617,3968,4983,0,0,2,177,129,311
680,599,9,1,7,8,217,93,280,221,94,284,726,472,618,3975,4992,1,0,0,178,129,311
681,597,5,3,4,7,218,92,282,221,92,284,726,468,621,3979,4997,2,1,0,180,130,311
682,600,13,0,10,10,215,90,282,218,92,290,726,474,621,3989,5010,0,0,0,180,130,311
683,600,3,0,3,3,218,90,289,219,90,291,729,471,621,3992,5013,0,0,0,180,130,311
684,599,4,1,4,5,217,90,288,220,91,288,728,470,622,3996,5017,0,0,1,180,130,312
685,599,8,1,7,8,217,90,284,219,91,289,727,471,623,4003,5025,1,0,0,181,130,312
686,598,4,2,3,5,217,90,287,218,92,288,724,472,625,4006,5029,0,1,1,181,131,313
687,600,7,0,5,5,215,92,286,217,92,291,725,475,625,4011,5036,0,0,0,181,131,313
688,599,7,0,8,8,214,91,287,217,92,290,724,474,625,4019,5043,0,0,0,181,131,313
689,598,7,2,6,8,213,92,286,215,94,289,719,477,627,4025,5050,2,0,0,183,131,313
690,599,9,1,7,8,212,93,285,216,95,288,720,478,628,4032,5059,0,0,1,183,131,314
691,599,7,1,6,7,214,95,283,216,95,288,720,478,629,4038,5066,1,0,0,184,131,314
692,600,8,0,7,7,212,94,286,214,96,290,718,482,629,4045,5074,0,0,0,184,131,314
693,599,5,1,5,6,212,96,286,216,96,287,719,479,630,4050,5079,0,0,1,184,131,315
694,599,7,1,6,7,213,96,283,215,97,287,717,481,631,4056,5086,0,0,1,184,131,316
695,599,6,1,5,6,212,96,285,215,97,287,717,481,632,4061,5092,0,0,1,184,131,317
696,600,4,0,3,3,214,96,286,215,97,288,718,482,632,4064,5096,0,0,0,184,131,317
697,600,5,0,5,5,213,96,286,214,96,290,718,482,632,4069,5101,0,0,0,184,131,317
698,600,5,0,5,5,214,96,285,216,97,287,719,481,632,4074,5106,0,0,0,184,131,317
699,599,6,1,6,7,213,97,283,216,98,285,717,481,633,4080,5112,1,0,0,185,131,317
700,597,5,2,5,7,212,96,284,214,96,287,715,479,635,4085,5117,2,0,0,187,131,317
701,600,8,0,5,5,212,95,285,217,96,287,721,479,635,4090,5125,0,0,0,187,131,317
702,598,12,2,12,14,211,94,281,215,97,286,716,480,637,4102,5137,0,1,1,187,132,318
703,599,10,0,9,9,211,96,282,215,97,287,717,481,637,4111,5147,0,0,0,187,132,318
704,600,3,0,2,2,213,97,287,214,98,288,716,484,637,4113,5150,0,0,0,187,132,318
705,598,2,2,2,4,213,97,286,214,98,286,714,482,639,4115,5152,1,0,1,188,132,319
706,600,5,0,3,3,213,98,284,215,98,287,717,483,639,4118,5157,0,0,0,188,132,319
707,599,2,1,2,3,214,97,286,216,97,286,718,480,640,4120,5159,0,0,1,188,132,320
708,600,6,0,5,5,212,97,285,215,98,287,717,483,640,4125,5165,0,0,0,188,132,320
709,599,1,0,2,2,214,97,287,214,97,288,716,482,640,4127,5166,0,0,0,188,132,320
710,599,7,1,6,7,213,96,283,214,97,288,716,482,641,4133,5173,0,0,1,188,132,321
711,599,2,1,1,2,213,96,288,215,96,288,718,480,642,4134,5175,1,0,0,189,132,321
712,600,8,0,7,7,213,96,283,216,97,287,719,481,642,4141,5183,0,0,0,189,132,321
713,599,2,1,2,3,215,96,286,216,96,287,719,479,643,4143,5185,0,1,0,189,133,321
714,600,7,0,6,6,214,95,284,215,97,288,718,482,643,4149,5192,0,0,0,189,133,321
715,600,3,0,3,3,213,97,287,214,97,289,717,483,643,4152,5195,0,0,0,189,133,321
716,598,4,0,6,6,212,96,286,215,96,287,717,479,643,4158,5199,0,0,0,189,133,321
717,598,9,2,7,9,214,94,281,218,95,285,721,475,645,4165,5208,0,1,1,189,134,322
718,600,7,0,5,5,216,94,283,218,94,288,724,476,645,4170,5215,0,0,0,189,134,322
719,600,10,0,10,10,215,94,281,219,98,283,721,479,645,4180,5225,0,0,0,189,134,322
720,599,5,1,5,6,215,97,282,218,97,284,720,478,646,4185,5230,1,0,0,190,134,322
721,599,6,1,5,6,217,97,279,219,98,282,720,478,647,4190,5236,0,0,1,190,134,323
722,599,8,1,7,8,216,98,277,219,98,282,720,478,648,4197,5244,0,0,1,190,134,324
723,600,13,0,12,12,212,96,279,216,98,286,718,482,648,4209,5257,0,0,0,190,134,324
724,599,4,1,4,5,216,96,283,216,96,287,719,479,649,4213,5261,0,0,1,190,134,325
725,599,6,1,5,6,214,94,285,217,96,286,720,478,650,4218,5267,1,0,0,191,134,325
726,599,4,1,3,4,216,96,283,216,97,286,718,480,651,4221,5271,0,0,1,191,134,326
727,600,8,0,7,7,212,97,283,215,99,286,716,484,651,4228,5279,0,0,0,191,134,326
728,599,9,1,9,10,211,99,280,215,101,283,713,485,652,4237,5288,0,0,1,191,134,327
729,599,8,1,7,8,213,98,280,215,101,283,713,485,653,4244,5296,0,0,1,191,134,328
730,600,5,0,4,4,214,100,281,218,100,282,718,482,653,4248,5301,0,0,0,191,134,328
731,600,5,0,5,5,216,99,280,218,99,283,719,481,653,4253,5306,0,0,0,191,134,328
732,599,10,1,10,11,214,97,278,219,98,282,720,478,654,4263,5316,0,0,1,191,134,329
733,600,9,0,8,8,213,96,282,217,98,285,719,481,654,4271,5325,0,0,0,191,134,329
734,600,6,0,6,6,215,97,282,218,97,285,721,479,654,4277,5331,0,0,0,191,134,329
735,600,4,0,4,4,216,97,283,217,97,286,720,480,654,4281,5335,0,0,0,191,134,329
736,599,10,1,10,11,213,92,284,216,93,290,722,476,655,4291,5345,0,1,0,191,135,329
737,600,5,0,4,4,216,93,286,217,95,288,722,478,655,4295,5350,0,0,0,191,135,329
738,599,2,1,2,3,216,95,286,216,95,288,720,478,656,4297,5352,0,0,1,191,135,330
739,599,10,1,9,10,212,93,284,216,94,289,721,477,657,4306,5362,1,0,0,192,135,330
740,597,7,3,6,9,212,93,285,215,96,286,716,478,660,4312,5369,3,0,0,195,135,330
741,599,13,1,10,11,213,95,278,217,97,285,719,479,661,4322,5382,0,0,1,195,135,331
742,599,6,1,5,6,213,96,284,214,98,287,715,483,662,4327,5388,1,0,0,196,135,331
743,598,7,2,6,8,209,98,284,211,100,287,709,487,664,4333,5395,1,0,1,197,135,332
744,599,6,1,4,5,210,100,283,212,101,286,710,488,665,4337,5401,0,0,1,197,135,333
745,598,9,2,8,10,208,99,282,212,99,287,711,485,667,4345,5410,2,0,0,199,135,333
746,600,6,0,4,4,211,99,284,213,100,287,713,487,667,4349,5416,0,0,0,199,135,333
747,598,10,2,10,12,210,99,279,212,100,286,710,486,669,4359,5426,0,0,2,199,135,335
748,597,8,3,6,9,211,98,280,213,99,285,711,483,672,4365,5434,1,0,2,200,135,337
749,600,9,0,6,6,210,97,284,214,98,288,716,484,672,4371,5443,0,0,0,200,135,337
750,600,6,0,6,6,211,97,286,211,98,291,713,487,672,4377,5449,0,0,0,200,135,337
751,599,1,1,1,2,211,98,289,211,98,290,712,486,673,4378,5450,0,0,1,200,135,338
752,598,5,2,4,6,211,97,285,212,97,289,713,483,675,4382,5455,0,0,2,200,135,340
753,599,3,1,1,2,211,97,288,212,98,289,713,485,676,4383,5458,1,0,0,201,135,340
754,600,5,0,4,4,212,96,287,213,96,291,717,483,676,4387,5463,0,0,0,201,135,340
755,600,8,0,8,8,210,95,287,214,96,290,718,482,676,4395,5471,0,0,0,201,135,340
756,598,5,2,5,7,211,96,286,213,96,289,715,481,678,4400,5476,1,0,1,202,135,341
757,598,9,1,8,9,212,96,281,215,98,285,715,481,679,4408,5485,0,0,1,202,135,342
758,598,5,2,3,5,213,97,283,216,97,285,717,479,681,4411,5490,2,0,0,204,135,342
759,598,5,2,3,5,214,97,282,214,98,286,714,482,683,4414,5495,0,0,2,204,135,344
760,600,3,0,1,1,214,98,285,215,99,286,716,484,683,4415,5498,0,0,0,204,135,344
761,599,5,1,5,6,210,99,285,212,100,287,711,487,684,4420,5503,1,0,0,205,135,344
762,599,7,1,6,7,211,99,282,214,101,284,712,486,685,4426,5510,0,0,1,205,135,345
763,598,6,2,5,7,213,100,279,213,102,283,709,487,687,4431,5516,0,0,2,205,135,347
764,600,11,0,9,9,213,98,278,216,99,285,717,483,687,4440,5527,0,0,0,205,135,347
765,600,5,0,5,5,215,97,283,216,98,286,718,482,687,4445,5532,0,0,0,205,135,347
766,595,6,5,6,11,214,94,281,214,96,285,713,477,692,4451,5538,2,2,1,207,137,348
767,598,10,2,5,7,212,95,281,215,95,288,718,478,694,4456,5548,1,0,1,208,137,349
768,596,8,4,6,10,211,95,282,212,97,287,711,481,698,4462,5556,1,0,3,209,137,352
769,598,8,2,4,6,210,96,284,212,99,287,711,485,700,4466,5564,0,1,1,209,138,353
770,600,7,0,5,5,212,98,283,214,101,285,713,487,700,4471,5571,0,0,0,209,138,353
771,597,6,3,6,9,210,99,282,211,101,285,707,487,703,4477,5577,2,0,1,211,138,354
772,600,9,0,6,6,210,101,280,215,103,282,712,488,703,4483,5586,0,0,0,211,138,354
773,600,6,0,6,6,212,103,279,214,103,283,711,489,703,4489,5592,0,0,0,211,138,354
774,598,5,2,5,7,210,103,280,212,104,282,706,490,705,4494,5597,1,0,1,212,138,355
775,600,5,0,3,3,210,104,281,213,105,282,708,492,705,4497,5602,0,0,0,212,138,355
776,598,5,2,5,7,211,102,280,212,103,283,707,489,707,4502,5607,0,1,1,212,139,356
777,599,7,1,5,6,211,101,280,216,101,282,714,484,708,4507,5614,0,0,1,212,139,357
778,599,11,1,10,11,211,97,280,215,97,287,717,481,709,4517,5625,1,0,0,213,139,357
779,599,5,1,4,5,212,97,285,215,97,287,717,481,710,4521,5630,1,0,0,214,139,357
780,600,5,0,4,4,214,96,285,215,96,289,719,481,710,4525,5635,0,0,0,214,139,357
781,600,3,0,3,3,214,95,288,215,95,290,720,480,710,4528,5638,0,0,0,214,139,357
782,600,1,0,1,1,214,95,290,214,95,291,719,481,710,4529,5639,0,0,0,214,139,357
783,600,6,0,6,6,213,93,288,215,95,290,720,480,710,4535,5645,0,0,0,214,139,357
784,598,11,1,12,13,210,94,283,213,95,290,716,480,711,4547,5656,0,0,1,214,139,358
785,600,8,0,6,6,211,93,288,217,94,289,723,477,711,4553,5664,0,0,0,214,139,358
786,600,6,0,6,6,216,92,286,218,92,290,726,474,711,4559,5670,0,0,0,214,139,358
787,600,7,0,7,7,216,91,286,220,91,289,729,471,711,4566,5677,0,0,0,214,139,358
788,599,6,1,6,7,218,89,286,221,90,288,730,468,712,4572,5683,0,0,1,214,139,359
789,598,5,2,4,6,220,89,284,221,91,286,728,468,714,4576,5688,0,1,1,214,140,360
790,598,9,1,8,9,219,87,283,221,88,289,731,465,715,4584,5697,0,1,0,214,141,360
791,600,7,0,5,5,219,86,288,222,88,290,734,466,715,4589,5704,0,0,0,214,141,360
792,599,6,1,6,7,222,86,285,223,87,289,735,463,716,4595,5710,0,0,1,214,141,361
793,599,11,1,10,11,219,87,282,224,88,287,735,463,717,4605,5721,1,0,0,215,141,361
794,599,9,1,8,9,220,88,282,223,88,288,734,464,718,4613,5730,0,0,1,215,141,362
795,600,6,0,5,5,222,85,287,224,85,291,739,461,718,4618,5736,0,0,0,215,141,362
796,598,7,2,7,9,222,84,285,224,86,288,736,460,720,4625,5743,0,0,2,215,141,364
797,598,9,2,7,9,222,84,283,225,85,288,738,458,722,4632,5752,1,1,0,216,142,364
798,598,7,2,5,7,223,84,284,225,85,288,738,458,724,4637,5759,1,0,1,217,142,365
799,600,9,0,7,7,224,84,283,227,86,287,741,459,724,4644,5768,0,0,0,217,142,365
800,599,1,1,1,2,226,85,287,227,85,287,741,457,725,4645,5769,1,0,0,218,142,365
801,599,4,1,3,4,225,84,286,226,85,288,740,458,726,4648,5773,1,0,0,219,142,365
802,600,10,0,9,9,223,84,283,228,84,288,744,456,726,4657,5783,0,0,0,219,142,365
803,598,6,2,6,8,225,83,284,227,85,286,740,456,728,4663,5789,1,1,0,220,143,365
804,600,6,0,4,4,226,84,284,228,85,287,743,457,728,4667,5795,0,0,0,220,143,365
805,599,11,1,11,12,226,82,280,229,84,286,744,454,729,4678,5806,0,0,1,220,143,366
806,599,10,1,9,10,224,82,283,228,84,287,743,455,730,4687,5816,1,0,0,221,143,366
807,598,4,2,3,5,224,84,286,227,84,287,741,455,732,4690,5820,2,0,0,223,143,366
808,599,14,1,12,13,223,82,280,226,85,288,740,458,733,4702,5834,1,0,0,224,143,366
809,599,9,1,8,9,222,84,284,225,86,288,738,460,734,4710,5843,0,0,1,224,143,367
810,597,5,3,4,7,224,84,284,225,86,286,736,458,737,4714,5848,1,0,2,225,143,369
811,597,11,2,9,11,219,84,283,222,86,289,733,461,739,4723,5859,1,0,1,226,143,370
812,599,10,1,7,8,220,85,284,226,85,288,740,458,740,4730,5869,0,0,1,226,143,371
813,596,8,3,8,11,222,81,285,223,83,290,736,456,743,4738,5877,3,0,0,229,143,371
814,599,7,1,3,4,220,83,289,223,83,293,739,459,744,4741,5884,1,0,0,230,143,371
815,599,6,1,5,6,220,83,290,224,83,292,740,458,745,4746,5890,1,0,0,231,143,371
816,599,12,1,11,12,218,81,288,223,84,292,738,460,746,4757,5902,1,0,0,232,143,371
817,597,6,3,5,8,221,82,288,223,85,289,735,459,749,4762,5908,1,1,1,233,144,372
818,598,6,1,4,5,221,85,286,225,86,287,737,459,750,4766,5914,0,0,1,233,144,373
819,600,6,0,4,4,224,85,285,227,86,287,741,459,750,4770,5920,0,0,0,233,144,373
820,600,5,0,5,5,224,86,285,225,86,289,739,461,750,4775,5925,0,0,0,233,144,373
821,600,9,0,9,9,220,85,286,221,87,292,734,466,750,4784,5934,0,0,0,233,144,373
822,600,5,0,5,5,219,86,290,221,88,291,733,467,750,4789,5939,0,0,0,233,144,373
823,598,8,1,9,10,217,87,286,220,90,288,728,468,751,4798,5947,0,0,1,233,144,374
824,599,8,1,6,7,215,90,286,219,92,288,726,472,752,4804,5955,1,0,0,234,144,374
825,599,4,1,3,4,218,92,285,218,92,289,725,473,753,4807,5959,1,0,0,235,144,374
826,598,6,2,5,7,215,91,286,217,93,288,722,474,755,4812,5965,1,0,1,236,144,375
827,599,8,1,6,7,214,92,285,218,93,288,724,474,756,4818,5973,1,0,0,237,144,375
828,600,7,0,6,6,217,92,284,219,95,286,724,476,756,4824,5980,0,0,0,237,144,375
829,600,6,0,6,6,217,95,282,218,97,285,721,479,756,4830,5986,0,0,0,237,144,375
830,598,6,2,6,8,215,96,281,219,96,283,721,475,758,4836,5992,0,0,2,237,144,377
831,599,11,1,9,10,216,95,277,220,100,279,719,479,759,4845,6003,1,0,0,238,144,377
832,599,6,1,5,6,217,99,277,218,99,282,718,480,760,4850,6009,1,0,0,239,144,377
833,599,5,1,4,5,215,99,280,217,101,281,715,483,761,4854,6014,0,0,1,239,144,378
834,598,8,2,7,9,212,101,277,214,104,280,708,488,763,4861,6022,2,0,0,241,144,378
835,597,6,3,4,7,213,103,275,216,103,278,710,484,766,4865,6028,1,0,2,242,144,380
836,600,8,0,5,5,215,103,274,216,105,279,711,489,766,4870,6036,0,0,0,242,144,380
837,600,4,0,4,4,214,104,278,217,104,279,713,487,766,4874,6040,0,0,0,242,144,380
838,599,3,1,3,4,213,104,279,214,105,280,708,490,767,4877,6043,1,0,0,243,144,380
839,598,11,2,10,12,211,102,274,217,104,277,711,485,769,4887,6054,0,0,2,243,144,382
840,599,6,1,4,5,215,103,275,216,104,279,711,487,770,4891,6060,0,0,1,243,144,383
841,598,5,2,4,6,213,104,276,216,105,277,709,487,772,4895,6065,1,0,1,244,144,384
842,600,7,0,5,5,214,103,276,216,104,280,712,488,772,4900,6072,0,0,0,244,144,384
843,600,4,0,4,4,214,104,278,216,106,278,710,490,772,4904,6076,0,0,0,244,144,384
844,600,4,0,4,4,216,104,276,217,105,278,712,488,772,4908,6080,0,0,0,244,144,384
845,599,6,1,6,7,215,104,274,218,106,275,711,487,773,4914,6086,0,1,0,244,145,384
846,598,5,2,4,6,217,104,272,219,106,273,711,485,775,4918,6091,1,1,0,245,146,384
847,599,5,1,3,4,219,106,269,220,107,272,712,486,776,4921,6096,0,0,1,245,146,385
848,599,7,1,6,7,219,106,267,220,109,270,710,488,777,4927,6103,0,0,1,245,146,386
849,600,8,0,7,7,219,107,266,222,108,270,714,486,777,4934,6111,0,0,0,245,146,386
850,599,5,1,5,6,220,107,267,223,107,269,715,483,778,4939,6116,0,0,1,245,146,387
851,599,6,1,5,6,222,105,266,225,105,269,719,479,779,4944,6122,1,0,0,246,146,387
852,599,12,1,11,12,220,102,265,226,103,270,722,476,780,4955,6134,1,0,0,247,146,387
853,598,9,2,8,10,221,100,268,223,102,273,719,477,782,4963,6143,0,1,1,247,147,388
854,597,6,2,5,7,220,100,271,223,101,273,719,475,784,4968,6149,1,1,0,248,148,388
855,599,5,1,2,3,223,100,271,225,102,272,722,476,785,4970,6154,0,1,0,248,149,388
856,598,9,2,8,10,222,102,265,224,103,271,719,477,787,4978,6163,1,0,1,249,149,389
857,600,5,0,3,3,223,102,270,224,104,272,720,480,787,4981,6168,0,0,0,249,149,389
858,600,4,0,4,4,222,104,270,223,104,273,719,481,787,4985,6172,0,0,0,249,149,389
859,599,4,0,5,5,221,103,271,222,105,272,716,482,787,4990,6176,0,0,0,249,149,389
860,597,7,3,6,9,219,104,267,223,104,270,716,478,790,4996,6183,0,0,3,249,149,392
861,598,9,2,6,8,220,103,266,223,105,270,716,480,792,5002,6192,0,0,2,249,149,394
862,600,6,0,4,4,221,105,268,224,107,269,717,483,792,5006,6198,0,0,0,249,149,394
863,596,4,4,4,8,221,106,265,221,106,269,711,481,796,5010,6202,3,0,1,252,149,395
864,596,8,3,5,8,218,104,266,220,104,272,712,480,799,5015,6210,2,0,1,254,149,396
865,599,9,0,6,6,216,104,270,218,106,275,711,487,799,5021,6219,0,0,0,254,149,396
866,598,7,1,7,8,215,104,272,215,104,279,709,487,800,5028,6226,1,0,0,255,149,396
867,600,11,0,9,9,214,101,274,221,103,276,718,482,800,5037,6237,0,0,0,255,149,396
868,599,3,1,3,4,219,103,274,219,104,276,714,484,801,5040,6240,1,0,0,256,149,396
869,599,4,1,3,4,219,104,272,222,104,273,717,481,802,5043,6244,0,0,1,256,149,397
870,599,5,1,4,5,222,104,268,222,106,271,715,483,803,5047,6249,0,0,1,256,149,398
871,599,8,1,7,8,219,105,267,223,105,271,717,481,804,5054,6257,1,0,0,257,149,398
872,598,8,2,7,9,220,104,266,222,107,269,713,483,806,5061,6265,2,0,0,259,149,398
873,599,11,1,9,10,216,107,265,219,109,271,709,489,807,5070,6276,0,0,1,259,149,399
874,600,4,0,3,3,218,107,271,221,107,272,714,486,807,5073,6280,0,0,0,259,149,399
875,598,6,2,6,8,219,104,269,223,105,270,716,480,809,5079,6286,0,0,2,259,149,401
876,598,9,2,7,9,219,103,267,224,103,271,719,477,811,5086,6295,2,0,0,261,149,401
877,599,7,1,5,6,222,103,267,225,104,270,720,478,812,5091,6302,0,0,1,261,149,402
878,600,3,0,2,2,225,104,268,228,104,268,724,476,812,5093,6305,0,0,0,261,149,402
879,599,4,1,4,5,225,103,267,226,105,268,720,478,813,5097,6309,0,1,0,261,150,402
880,600,7,0,6,6,221,105,267,225,105,270,720,480,813,5103,6316,0,0,0,261,150,402
881,599,7,0,8,8,224,102,266,227,103,269,723,475,813,5111,6323,0,0,0,261,150,402
882,597,12,1,13,14,221,101,263,226,103,268,720,474,814,5124,6335,1,0,0,262,150,402
883,600,7,0,4,4,226,102,265,229,103,268,726,474,814,5128,6342,0,0,0,262,150,402
884,600,4,0,4,4,228,102,266,230,103,267,727,473,814,5132,6346,0,0,0,262,150,402
885,599,2,1,2,3,230,103,264,231,103,265,727,471,815,5134,6348,0,0,1,262,150,403
886,600,10,0,9,9,229,101,260,234,102,264,732,468,815,5143,6358,0,0,0,262,150,403
887,600,9,0,9,9,232,101,258,236,104,260,732,468,815,5152,6367,0,0,0,262,150,403
888,599,3,1,3,4,233,104,259,235,104,260,730,468,816,5155,6370,1,0,0,263,150,403
889,599,4,1,3,4,234,104,257,235,104,260,730,468,817,5158,6374,0,0,1,263,150,404
890,597,7,3,6,9,231,104,255,235,104,258,728,466,820,5164,6381,1,0,2,264,150,406
891,598,10,2,7,9,235,102,251,239,104,255,733,463,822,5171,6391,0,1,1,264,151,407
892,600,4,0,2,2,239,103,254,240,103,257,737,463,822,5173,6395,0,0,0,264,151,407
893,599,5,1,5,6,238,101,255,243,101,255,741,457,823,5178,6400,1,0,0,265,151,407
894,600,6,0,5,5,241,101,252,245,101,254,744,456,823,5183,6406,0,0,0,265,151,407
895,597,8,3,8,11,239,97,253,242,97,258,742,452,826,5191,6414,2,1,0,267,152,407
896,598,10,2,7,9,239,97,252,243,98,257,743,453,828,5198,6424,1,0,1,268,152,408
897,600,9,0,7,7,242,97,252,247,98,255,749,451,828,5205,6433,0,0,0,268,152,408
898,599,5,1,5,6,245,97,252,248,98,253,749,449,829,5210,6438,1,0,0,269,152,408
899,600,12,0,11,11,247,95,246,252,98,250,754,446,829,5221,6450,0,0,0,269,152,408
900,600,7,0,7,7,249,98,246,251,98,251,753,447,829,5228,6457,0,0,0,269,152,408
901,599,7,1,7,8,248,97,247,251,97,251,753,445,830,5235,6464,1,0,0,270,152,408
902,599,7,1,6,7,248,97,247,249,97,253,751,447,831,5241,6471,0,0,1,270,152,409
903,600,7,0,6,6,246,97,250,249,98,253,751,449,831,5247,6478,0,0,0,270,152,409
904,600,8,0,8,8,246,96,250,247,98,255,749,451,831,5255,6486,0,0,0,270,152,409
905,597,4,3,4,7,243,98,252,247,98,252,746,448,834,5259,6490,1,0,2,271,152,411
906,600,14,0,11,11,242,96,248,249,96,255,753,447,834,5270,6504,0,0,0,271,152,411
907,599,8,0,9,9,245,95,251,247,98,254,748,450,834,5279,6512,0,0,0,271,152,411
908,600,8,0,7,7,245,98,249,245,99,256,746,454,834,5286,6520,0,0,0,271,152,411
909,600,7,0,7,7,245,98,250,250,98,252,752,448,834,5293,6527,0,0,0,271,152,411
910,600,7,0,7,7,247,95,251,249,96,255,753,447,834,5300,6534,0,0,0,271,152,411
911,599,7,1,7,8,247,96,249,251,97,251,753,445,835,5307,6541,1,0,0,272,152,411
912,598,8,2,7,9,246,97,247,249,98,251,749,447,837,5314,6549,0,0,2,272,152,413
913,599,5,1,3,4,247,96,251,248,97,254,750,448,838,5317,6554,1,0,0,273,152,413
914,596,4,3,4,7,244,96,252,246,96,254,746,446,841,5321,6558,2,0,1,275,152,414
915,600,12,0,8,8,242,96,250,245,100,255,745,455,841,5329,6570,0,0,0,275,152,414
916,598,10,2,10,12,241,98,249,245,101,252,742,454,843,5339,6580,0,1,1,275,153,415
917,597,7,3,5,8,243,97,250,245,99,253,743,451,846,5344,6587,1,1,1,276,154,416
918,599,8,1,5,6,242,98,251,244,99,256,744,454,847,5349,6595,0,0,1,276,154,417
919,599,8,1,7,8,240,99,252,244,99,256,744,454,848,5356,6603,1,0,0,277,154,417
920,599,6,1,5,6,242,98,253,243,99,257,743,455,849,5361,6609,1,0,0,278,154,417
921,597,11,3,10,13,240,96,250,244,97,256,744,450,852,5371,6620,0,2,1,278,156,418
922,599,8,1,5,6,242,95,254,245,96,258,748,450,853,5376,6628,1,0,0,279,156,418
923,600,4,0,3,3,244,95,257,245,95,260,750,450,853,5379,6632,0,0,0,279,156,418
924,600,9,0,9,9,242,91,258,242,91,267,751,449,853,5388,6641,0,0,0,279,156,418
925,598,12,2,12,14,238,87,261,243,89,266,752,444,855,5400,6653,1,0,1,280,156,419
926,600,8,0,6,6,243,86,263,247,87,266,760,440,855,5406,6661,0,0,0,280,156,419
927,600,8,0,8,8,245,83,264,249,83,268,766,434,855,5414,6669,0,0,0,280,156,419
928,600,7,0,7,7,247,83,263,250,85,265,765,435,855,5421,6676,0,0,0,280,156,419
929,599,8,1,8,9,246,83,262,251,85,263,765,433,856,5429,6684,1,0,0,281,156,419
930,599,10,1,9,10,249,84,256,253,86,260,766,432,857,5438,6694,1,0,0,282,156,419
931,599,8,1,7,8,250,86,255,252,87,260,764,434,858,5445,6702,0,0,1,282,156,420
932,599,5,1,4,5,252,87,255,254,89,256,764,434,859,5449,6707,0,0,1,282,156,421
933,600,6,0,5,5,251,89,254,253,90,257,763,437,859,5454,6713,0,0,0,282,156,421
934,600,10,0,10,10,248,89,253,250,92,258,758,442,859,5464,6723,0,0,0,282,156,421
935,598,5,2,5,7,246,90,257,249,91,258,756,440,861,5469,6728,1,1,0,283,157,421
936,600,6,0,4,4,245,91,258,246,92,262,754,446,861,5473,6734,0,0,0,283,157,421
937,600,6,0,6,6,244,92,258,246,93,261,753,447,861,5479,6740,0,0,0,283,157,421
938,598,6,1,7,8,243,92,257,246,93,259,751,445,862,5486,6746,0,0,1,283,157,422
939,600,10,0,8,8,244,92,254,250,92,258,758,442,862,5494,6756,0,0,0,283,157,422
940,597,4,3,4,7,248,89,256,249,91,257,755,439,865,5498,6760,1,2,0,284,159,422
941,600,12,0,9,9,246,90,252,251,90,259,761,439,865,5507,6772,0,0,0,284,159,422
942,599,10,1,10,11,247,87,255,251,89,259,761,437,866,5517,6782,1,0,0,285,159,422
943,599,6,1,5,6,249,88,256,251,88,260,762,436,867,5522,6788,1,0,0,286,159,422
944,599,6,1,5,6,248,87,258,249,88,262,760,438,868,5527,6794,0,1,0,286,160,422
945,600,4,0,3,3,248,86,262,250,87,263,763,437,868,5530,6798,0,0,0,286,160,422
946,600,7,0,7,7,246,85,262,247,85,268,762,438,868,5537,6805,0,0,0,286,160,422
947,599,1,1,1,2,246,85,267,247,85,267,761,437,869,5538,6806,0,0,1,286,160,423
948,598,7,2,6,8,243,82,266,245,83,270,760,436,871,5544,6813,1,0,1,287,160,424
949,600,7,0,5,5,242,82,269,243,82,275,761,439,871,5549,6820,0,0,0,287,160,424
950,600,4,0,4,4,242,80,274,242,81,277,761,439,871,5553,6824,0,0,0,287,160,424
951,598,3,1,4,5,239,80,276,241,80,277,759,437,872,5557,6827,1,0,0,288,160,424
952,600,9,0,7,7,239,80,272,242,81,277,761,439,872,5564,6836,0,0,0,288,160,424
953,598,8,2,8,10,238,80,272,239,84,275,753,443,874,5572,6844,1,1,0,289,161,424
954,600,12,0,10,10,234,81,273,240,84,276,756,444,874,5582,6856,0,0,0,289,161,424
955,600,4,0,4,4,239,83,274,241,84,275,757,443,874,5586,6860,0,0,0,289,161,424
956,598,4,1,5,6,238,83,273,241,84,273,755,441,875,5591,6864,0,0,1,289,161,425
957,598,7,2,5,7,238,83,270,241,83,274,756,440,877,5596,6871,2,0,0,291,161,425
958,600,7,0,5,5,240,82,271,244,82,274,762,438,877,5601,6878,0,0,0,291,161,425
959,600,7,0,7,7,242,81,270,246,82,272,764,436,877,5608,6885,0,0,0,291,161,425
960,598,7,2,7,9,244,81,266,248,81,269,765,431,879,5615,6892,0,0,2,291,161,427
961,599,11,1,9,10,242,81,265,246,83,270,762,436,880,5624,6903,1,0,0,292,161,427
962,596,5,4,4,8,241,81,269,245,81,270,760,432,884,5628,6908,2,1,1,294,162,428
963,598,7,1,4,5,245,81,265,249,82,267,765,431,885,5632,6915,0,0,1,294,162,429
964,600,6,0,4,4,247,81,266,249,81,270,768,432,885,5636,6921,0,0,0,294,162,429
965,599,5,1,5,6,247,80,267,249,80,270,768,430,886,5641,6926,0,0,1,294,162,430
966,600,11,0,10,10,241,80,268,244,83,273,761,439,886,5651,6937,0,0,0,294,162,430
967,600,9,0,9,9,240,82,269,243,86,271,757,443,886,5660,6946,0,0,0,294,162,430
968,600,5,0,5,5,241,86,268,245,87,268,758,442,886,5665,6951,0,0,0,294,162,430
969,599,6,1,6,7,241,87,265,244,87,268,756,442,887,5671,6957,1,0,0,295,162,430
970,600,7,0,6,6,242,86,265,246,86,268,760,440,887,5677,6964,0,0,0,295,162,430
971,598,3,2,3,5,245,86,264,246,86,266,758,438,889,5680,6967,0,0,2,295,162,432
972,600,7,0,5,5,244,84,265,248,84,268,764,436,889,5685,6974,0,0,0,295,162,432
973,600,5,0,5,5,246,83,266,246,86,268,760,440,889,5690,6979,0,0,0,295,162,432
974,599,8,1,8,9,244,82,265,250,82,267,767,431,890,5698,6987,0,0,1,295,162,433
975,598,9,2,8,10,245,81,263,251,81,266,768,428,892,5706,6996,0,1,1,295,163,434
976,598,5,2,3,5,249,81,263,249,83,266,764,432,894,5709,7001,1,0,1,296,163,435
977,600,6,0,4,4,246,83,265,248,84,268,764,436,894,5713,7007,0,0,0,296,163,435
978,600,10,0,10,10,243,83,264,247,84,269,763,437,894,5723,7017,0,0,0,296,163,435
979,600,4,0,4,4,244,84,268,247,85,268,762,438,894,5727,7021,0,0,0,296,163,435
980,599,2,1,2,3,246,85,266,247,85,267,761,437,895,5729,7023,1,0,0,297,163,435
981,599,7,1,6,7,243,84,265,246,85,268,760,438,896,5735,7030,1,0,0,298,163,435
982,598,10,2,9,11,243,84,261,247,85,266,760,436,898,5744,7040,1,0,1,299,163,436
983,598,5,1,4,5,244,84,265,247,84,267,761,435,899,5748,7045,1,0,0,300,163,436
984,599,4,1,2,3,247,83,265,250,83,266,766,432,900,5750,7049,0,0,1,300,163,437
985,600,4,0,3,3,249,83,264,250,83,267,767,433,900,5753,7053,0,0,0,300,163,437
986,599,8,1,8,9,249,81,261,252,81,266,770,428,901,5761,7061,0,1,0,300,164,437
987,600,10,0,9,9,249,81,260,252,84,264,768,432,901,5770,7071,0,0,0,300,164,437
988,599,0,1,0,1,251,84,264,251,84,264,766,432,902,5770,7071,1,0,0,301,164,437
989,598,8,2,7,9,247,84,259,248,84,266,762,434,904,5777,7079,1,0,1,302,164,438
990,599,11,0,10,10,245,83,260,247,86,266,760,438,904,5787,7090,0,0,0,302,164,438
991,598,8,2,7,9,243,85,262,248,87,263,759,437,906,5794,7098,2,0,0,304,164,438
992,597,4,2,3,5,248,87,258,248,88,261,757,437,908,5797,7102,0,0,2,304,164,440
993,600,8,0,5,5,246,87,259,249,89,262,760,440,908,5802,7110,0,0,0,304,164,440
994,597,4,3,4,7,244,89,261,246,89,262,754,440,911,5806,7114,2,0,1,306,164,441
995,600,9,0,6,6,244,89,258,247,91,262,756,444,911,5812,7123,0,0,0,306,164,441
996,599,8,1,8,9,245,88,258,246,89,264,756,442,912,5820,7131,1,0,0,307,164,441
997,597,10,3,9,12,240,88,259,244,89,264,752,442,915,5829,7141,2,0,1,309,164,442
998,598,8,2,5,7,242,89,259,248,90,260,756,440,917,5834,7149,1,0,1,310,164,443
999,599,9,1,7,8,243,90,257,246,92,261,753,445,918,5841,7158,1,0,0,311,164,443
1000,598,7,1,7,8,240,92,259,242,93,263,747,449,919,5848,7165,1,0,0,312,164,443
1001,600,7,0,5,5,240,93,260,244,93,263,751,449,919,5853,7172,0,0,0,312,164,443
1002,599,9,1,9,10,241,92,257,245,93,261,751,447,920,5862,7181,0,0,1,312,164,444
1003,598,8,2,7,9,241,92,257,244,93,261,749,447,922,5869,7189,0,0,2,312,164,446
1004,599,16,1,14,15,237,93,253,243,98,258,744,454,923,5883,7205,1,0,0,313,164,446
1005,597,8,2,8,10,235,98,256,238,99,260,736,458,925,5891,7213,2,0,0,315,164,446
1006,600,9,0,6,6,236,98,257,238,100,262,738,462,925,5897,7222,0,0,0,315,164,446
1007,600,4,0,4,4,236,99,261,238,100,262,738,462,925,5901,7226,0,0,0,315,164,446
1008,599,4,1,4,5,236,100,259,239,101,259,737,461,926,5905,7230,1,0,0,316,164,446
1009,600,11,0,10,10,238,98,253,242,100,258,742,458,926,5915,7241,0,0,0,316,164,446
1010,599,5,1,5,6,239,100,255,241,101,257,739,459,927,5920,7246,0,0,1,316,164,447
1011,597,3,3,2,5,239,100,255,240,101,256,736,458,930,5922,7249,1,0,2,317,164,449
1012,598,6,2,3,5,236,101,255,240,102,256,736,460,932,5925,7255,2,0,0,319,164,449
1013,599,6,1,4,5,238,100,255,240,100,259,739,459,933,5929,7261,1,0,0,320,164,449
1014,598,8,1,8,9,236,97,257,238,98,262,738,458,934,5937,7269,1,0,0,321,164,449
1015,599,7,1,5,6,236,97,259,238,98,263,739,459,935,5942,7276,0,0,1,321,164,450
1016,597,7,2,7,9,236,97,257,239,97,261,739,455,937,5949,7283,1,0,1,322,164,451
1017,599,10,1,7,8,235,96,258,237,98,264,738,460,938,5956,7293,0,0,1,322,164,452
1018,599,8,1,7,8,235,97,259,236,99,264,736,462,939,5963,7301,0,0,1,322,164,453
1019,599,5,1,4,5,235,98,261,238,100,261,737,461,940,5967,7306,1,0,0,323,164,453
1020,598,6,1,6,7,232,99,261,234,103,261,729,467,941,5973,7312,1,0,0,324,164,453
1021,600,12,0,10,10,229,101,258,235,102,263,733,467,941,5983,7324,0,0,0,324,164,453
1022,599,4,1,4,5,234,100,261,236,101,262,734,464,942,5987,7328,0,1,0,324,165,453
1023,599,13,1,12,13,231,98,257,235,102,262,732,466,943,5999,7341,0,0,1,324,165,454
1024,599,9,0,9,9,232,99,259,235,101,263,733,465,943,6008,7350,0,0,0,324,165,454
1025,600,5,0,4,4,234,100,261,238,100,262,738,462,943,6012,7355,0,0,0,324,165,454
1026,599,1,1,1,2,237,100,261,237,100,262,736,462,944,6013,7356,1,0,0,325,165,454
1027,599,7,1,6,7,235,100,257,238,102,259,735,463,945,6019,7363,1,0,0,326,165,454
1028,599,10,0,10,10,233,101,255,236,102,261,733,465,945,6029,7373,0,0,0,326,165,454
1029,598,7,1,7,8,235,100,257,238,102,258,734,462,946,6036,7380,0,0,1,326,165,455
