0,2000,0,0,0,0,0,0,0,499,509,992,1990,2010,0,0,0,0,0,0,0,0,0
1,2188,209,0,21,21,492,506,981,553,557,1078,2184,2192,0,21,209,0,0,0,0,0,0
2,2397,233,0,24,24,549,549,1066,612,597,1188,2412,2382,0,45,442,0,0,0,0,0,0
3,2610,239,0,26,26,604,591,1176,652,658,1300,2604,2616,0,71,681,0,0,0,0,0,0
4,2823,248,0,35,35,650,650,1275,716,709,1398,2830,2816,0,106,929,0,0,0,0,0,0
5,3000,205,0,28,28,707,704,1384,757,757,1486,3000,3000,0,134,1134,0,0,0,0,0,0
6,2999,31,1,31,32,746,751,1471,754,758,1487,2995,3003,1,165,1165,0,0,1,0,0,1
7,3000,22,0,21,21,750,753,1475,757,759,1484,2998,3002,1,186,1187,0,0,0,0,0,1
8,3000,30,0,30,30,751,750,1469,764,754,1482,3010,2990,1,216,1217,0,0,0,0,0,1
9,3000,22,0,22,22,760,750,1468,767,752,1481,3015,2985,1,238,1239,0,0,0,0,0,1
10,3000,36,0,36,36,759,743,1462,768,753,1479,3015,2985,1,274,1275,0,0,0,0,0,1
11,3000,19,0,19,19,766,747,1468,777,748,1475,3029,2971,1,293,1294,0,0,0,0,0,1
12,3000,31,0,31,31,766,741,1462,772,751,1477,3021,2979,1,324,1325,0,0,0,0,0,1
13,3000,28,0,28,28,764,741,1467,771,746,1483,3025,2975,1,352,1353,0,0,0,0,0,1
14,3000,25,0,25,25,764,742,1469,774,748,1478,3026,2974,1,377,1378,0,0,0,0,0,1
15,2999,23,1,23,24,766,741,1469,771,745,1483,3025,2973,2,400,1401,1,0,0,1,0,1
16,2998,31,1,31,32,762,741,1464,768,752,1478,3014,2982,3,431,1432,0,0,1,1,0,2
17,3000,38,0,36,36,758,743,1461,770,755,1475,3015,2985,3,467,1470,0,0,0,1,0,2
18,2999,25,1,25,26,764,746,1464,769,751,1479,3017,2981,4,492,1495,0,0,1,1,0,3
19,3000,26,0,25,25,764,746,1464,765,754,1481,3011,2989,4,517,1521,0,0,0,1,0,3
20,3000,30,0,30,30,758,745,1467,766,753,1481,3013,2987,4,547,1551,0,0,0,1,0,3
21,3000,34,0,34,34,758,745,1463,768,751,1481,3017,2983,4,581,1585,0,0,0,1,0,3
22,3000,27,0,27,27,765,743,1465,772,750,1478,3022,2978,4,608,1612,0,0,0,1,0,3
23,2998,27,2,27,29,764,743,1464,774,752,1472,3020,2976,6,635,1639,0,1,1,1,1,4
24,2999,25,0,24,24,766,748,1460,774,752,1473,3021,2977,6,659,1664,0,0,0,1,1,4
25,2998,28,2,27,29,767,748,1455,771,756,1471,3013,2983,8,686,1692,0,0,2,1,1,6
26,3000,33,0,31,31,764,747,1456,774,751,1475,3023,2977,8,717,1725,0,0,0,1,1,6
27,3000,27,0,27,27,772,742,1459,782,748,1470,3034,2966,8,744,1752,0,0,0,1,1,6
28,2999,30,1,30,31,777,737,1455,783,747,1469,3035,2963,9,774,1782,0,0,1,1,1,7
29,3000,40,0,39,39,770,739,1451,781,754,1465,3027,2973,9,813,1822,0,0,0,1,1,7
30,3000,33,0,33,33,773,742,1452,781,749,1470,3032,2968,9,846,1855,0,0,0,1,1,7
31,3000,23,0,23,23,773,745,1459,778,748,1474,3030,2970,9,869,1878,0,0,0,1,1,7
32,2999,29,0,30,30,773,740,1457,782,746,1471,3035,2963,9,899,1907,0,0,0,1,1,7
33,3000,26,0,25,25,778,739,1457,785,750,1465,3035,2965,9,924,1933,0,0,0,1,1,7
34,2998,30,2,30,32,777,743,1448,783,749,1466,3032,2964,11,954,1963,0,1,1,1,2,8
35,3000,30,0,28,28,776,745,1449,784,755,1461,3029,2971,11,982,1993,0,0,0,1,2,8
36,3000,29,0,29,29,773,750,1448,781,756,1463,3025,2975,11,1011,2022,0,0,0,1,2,8
37,3000,35,0,35,35,770,750,1445,779,755,1466,3024,2976,11,1046,2057,0,0,0,1,2,8
38,2999,26,0,27,27,774,749,1450,782,755,1462,3026,2972,11,1073,2083,0,0,0,1,2,8
39,3000,31,0,30,30,774,743,1452,782,748,1470,3034,2966,11,1103,2114,0,0,0,1,2,8
40,3000,34,0,34,34,773,739,1454,781,746,1473,3035,2965,11,1137,2148,0,0,0,1,2,8
41,2999,39,1,39,40,767,738,1455,778,747,1474,3030,2968,12,1176,2187,1,0,0,2,2,8
42,2999,29,1,28,29,771,740,1459,773,748,1478,3024,2974,13,1204,2216,0,0,1,2,2,9
43,2999,27,1,26,27,767,739,1466,776,744,1479,3031,2967,14,1230,2243,0,1,0,2,3,9
44,2998,29,2,28,30,768,736,1465,773,745,1480,3026,2970,16,1258,2272,0,0,2,2,3,11
45,2998,43,1,42,43,764,734,1457,778,745,1475,3031,2965,17,1300,2315,0,0,1,2,3,12
46,2999,37,1,35,36,764,737,1461,777,747,1475,3029,2969,18,1335,2352,0,1,0,2,4,12
47,2998,23,2,22,24,767,741,1467,772,746,1480,3024,2972,20,1357,2375,1,1,0,3,5,12
48,3000,26,0,24,24,768,741,1465,774,750,1476,3024,2976,20,1381,2401,0,0,0,3,5,12
49,3000,23,0,23,23,767,743,1467,777,746,1477,3031,2969,20,1404,2424,0,0,0,3,5,12
50,3000,29,0,29,29,769,738,1464,779,746,1475,3033,2967,20,1433,2453,0,0,0,3,5,12
51,3000,27,0,27,27,770,739,1464,777,746,1477,3031,2969,20,1460,2480,0,0,0,3,5,12
52,3000,34,0,34,34,764,741,1461,775,746,1479,3029,2971,20,1494,2514,0,0,0,3,5,12
53,3000,21,0,21,21,768,741,1470,777,744,1479,3033,2967,20,1515,2535,0,0,0,3,5,12
54,2999,24,1,24,25,767,742,1466,779,746,1474,3032,2966,21,1539,2559,0,0,1,3,5,13
55,3000,27,0,26,26,774,740,1459,780,746,1474,3034,2966,21,1565,2586,0,0,0,3,5,13
56,2999,33,0,34,34,769,733,1464,779,741,1479,3037,2961,21,1599,2619,0,0,0,3,5,13
57,3000,22,0,21,21,773,738,1467,780,744,1476,3036,2964,21,1620,2641,0,0,0,3,5,13
58,2999,28,1,28,29,776,737,1458,782,744,1473,3037,2961,22,1648,2669,0,0,1,3,5,14
59,3000,25,0,24,24,774,740,1461,781,744,1475,3037,2963,22,1672,2694,0,0,0,3,5,14
60,3000,31,0,31,31,775,736,1458,782,742,1476,3040,2960,22,1703,2725,0,0,0,3,5,14
61,3000,28,0,28,28,775,732,1465,783,740,1477,3043,2957,22,1731,2753,0,0,0,3,5,14
62,3000,38,0,38,38,771,734,1457,784,742,1474,3042,2958,22,1769,2791,0,0,0,3,5,14
63,3000,23,0,23,23,780,735,1462,787,740,1473,3047,2953,22,1792,2814,0,0,0,3,5,14
64,3000,32,0,32,32,773,733,1462,780,743,1477,3037,2963,22,1824,2846,0,0,0,3,5,14
65,3000,31,0,31,31,767,733,1469,772,742,1486,3030,2970,22,1855,2877,0,0,0,3,5,14
66,3000,32,0,32,32,763,736,1469,773,739,1488,3034,2966,22,1887,2909,0,0,0,3,5,14
67,3000,36,0,36,36,761,732,1471,770,743,1487,3027,2973,22,1923,2945,0,0,0,3,5,14
68,3000,32,0,32,32,764,735,1469,775,743,1482,3032,2968,22,1955,2977,0,0,0,3,5,14
69,3000,30,0,30,30,767,735,1468,776,743,1481,3033,2967,22,1985,3007,0,0,0,3,5,14
70,3000,24,0,24,24,769,740,1467,775,745,1480,3030,2970,22,2009,3031,0,0,0,3,5,14
71,2999,37,1,37,38,766,735,1461,780,741,1478,3038,2960,23,2046,3068,0,1,0,3,6,14
72,3000,40,0,39,39,766,735,1459,782,744,1474,3038,2962,23,2085,3108,0,0,0,3,6,14
73,3000,30,0,30,30,775,737,1458,777,749,1474,3028,2972,23,2115,3138,0,0,0,3,6,14
74,2999,25,0,26,26,775,744,1455,782,748,1469,3033,2965,23,2141,3163,0,0,0,3,6,14
75,3000,43,0,42,42,768,736,1453,778,751,1471,3027,2973,23,2183,3206,0,0,0,3,6,14
76,3000,29,0,29,29,769,743,1459,776,748,1476,3028,2972,23,2212,3235,0,0,0,3,6,14
77,3000,23,0,23,23,770,744,1463,772,751,1477,3021,2979,23,2235,3258,0,0,0,3,6,14
78,3000,26,0,26,26,762,743,1469,769,747,1484,3022,2978,23,2261,3284,0,0,0,3,6,14
79,3000,32,0,32,32,758,739,1471,765,747,1488,3018,2982,23,2293,3316,0,0,0,3,6,14
80,3000,24,0,24,24,761,737,1478,765,744,1491,3021,2979,23,2317,3340,0,0,0,3,6,14
81,3000,22,0,22,22,760,737,1481,764,741,1495,3023,2977,23,2339,3362,0,0,0,3,6,14
82,3000,32,0,32,32,757,736,1475,763,745,1492,3018,2982,23,2371,3394,0,0,0,3,6,14
83,2999,28,1,28,29,760,732,1479,765,743,1491,3021,2977,24,2399,3422,0,1,0,3,7,14
84,3000,30,0,29,29,754,736,1480,761,744,1495,3017,2983,24,2428,3452,0,0,0,3,7,14
85,2999,23,1,23,24,753,740,1483,757,749,1493,3007,2991,25,2451,3475,0,1,0,3,8,14
86,2998,37,2,36,38,748,740,1473,759,748,1491,3009,2987,27,2487,3512,0,1,1,3,9,15
87,3000,31,0,29,29,753,740,1476,764,748,1488,3016,2984,27,2516,3543,0,0,0,3,9,15
88,2999,28,1,28,29,761,741,1469,767,749,1483,3017,2981,28,2544,3571,0,0,1,3,9,16
89,3000,24,0,23,23,762,741,1473,770,749,1481,3021,2979,28,2567,3595,0,0,0,3,9,16
90,2999,29,1,29,30,762,743,1465,767,752,1480,3014,2984,29,2596,3624,0,1,0,3,10,16
91,2997,34,1,35,36,760,742,1461,770,751,1476,3016,2978,30,2631,3658,0,0,1,3,10,17
92,3000,27,0,24,24,766,739,1468,774,747,1479,3027,2973,30,2655,3685,0,0,0,3,10,17
93,3000,32,0,32,32,767,735,1466,781,743,1476,3038,2962,30,2687,3717,0,0,0,3,10,17
94,3000,26,0,26,26,772,739,1463,780,742,1478,3038,2962,30,2713,3743,0,0,0,3,10,17
95,3000,36,0,36,36,769,735,1460,778,746,1476,3032,2968,30,2749,3779,0,0,0,3,10,17
96,3000,30,0,30,30,766,741,1463,768,750,1482,3018,2982,30,2779,3809,0,0,0,3,10,17
97,3000,29,0,29,29,762,739,1470,771,740,1489,3031,2969,30,2808,3838,0,0,0,3,10,17
98,2999,39,0,40,40,764,733,1463,768,742,1489,3025,2973,30,2848,3877,0,0,0,3,10,17
99,3000,27,0,26,26,765,731,1477,772,734,1494,3038,2962,30,2874,3904,0,0,0,3,10,17
100,3000,34,0,34,34,768,719,1479,774,728,1498,3046,2954,30,2908,3938,0,0,0,3,10,17
101,2999,26,1,26,27,770,718,1485,780,725,1494,3054,2944,31,2934,3964,0,0,1,3,10,18
102,3000,33,0,32,32,769,713,1485,780,725,1495,3055,2945,31,2966,3997,0,0,0,3,10,18
103,2999,38,1,38,39,772,712,1477,784,719,1496,3064,2934,32,3004,4035,0,0,1,3,10,19
104,3000,34,0,33,33,775,709,1482,785,719,1496,3066,2934,32,3037,4069,0,0,0,3,10,19
105,2999,24,0,25,25,781,712,1482,789,715,1495,3073,2925,32,3062,4093,0,0,0,3,10,19
106,3000,38,0,37,37,780,704,1478,792,713,1495,3079,2921,32,3099,4131,0,0,0,3,10,19
107,2999,23,1,23,24,783,707,1486,788,715,1496,3072,2926,33,3122,4154,0,0,1,3,10,20
108,2999,30,1,29,30,784,706,1479,792,713,1494,3078,2920,34,3151,4184,1,0,0,4,10,20
109,3000,35,0,34,34,784,703,1478,791,712,1497,3079,2921,34,3185,4219,0,0,0,4,10,20
110,2999,28,1,28,29,784,704,1483,793,707,1499,3085,2913,35,3213,4247,0,0,1,4,10,21
111,3000,36,0,35,35,781,702,1481,793,710,1497,3083,2917,35,3248,4283,0,0,0,4,10,21
112,3000,23,0,23,23,783,704,1490,789,708,1503,3081,2919,35,3271,4306,0,0,0,4,10,21
113,3000,25,0,25,25,781,701,1493,791,704,1505,3087,2913,35,3296,4331,0,0,0,4,10,21
114,2998,30,2,30,32,782,697,1489,792,703,1503,3087,2909,37,3326,4361,0,0,2,4,10,23
115,3000,35,0,33,33,783,693,1489,788,700,1512,3088,2912,37,3359,4396,0,0,0,4,10,23
116,3000,26,0,26,26,784,690,1500,791,695,1514,3096,2904,37,3385,4422,0,0,0,4,10,23
117,3000,29,0,29,29,785,689,1497,794,695,1511,3099,2901,37,3414,4451,0,0,0,4,10,23
118,2999,21,1,21,22,788,691,1499,792,702,1505,3089,2909,38,3435,4472,0,0,1,4,10,24
119,2999,22,1,21,22,786,699,1492,792,706,1501,3085,2913,39,3456,4494,0,0,1,4,10,25
120,3000,22,0,21,21,784,704,1490,789,708,1503,3081,2919,39,3477,4516,0,0,0,4,10,25
121,3000,24,0,24,24,781,704,1491,788,708,1504,3080,2920,39,3501,4540,0,0,0,4,10,25
122,2999,24,1,24,25,782,700,1493,791,703,1505,3087,2911,40,3525,4564,1,0,0,5,10,25
123,3000,30,0,29,29,781,698,1491,788,705,1507,3083,2917,40,3554,4594,0,0,0,5,10,25
124,2999,27,0,28,28,784,696,1492,790,704,1505,3085,2913,40,3582,4621,0,0,0,5,10,25
125,2999,32,1,31,32,779,698,1490,783,711,1505,3071,2927,41,3613,4653,1,0,0,6,10,25
126,2998,32,0,33,33,774,703,1489,778,705,1515,3071,2925,41,3646,4685,0,0,0,6,10,25
127,3000,36,0,34,34,768,702,1494,780,709,1511,3071,2929,41,3680,4721,0,0,0,6,10,25
128,3000,33,0,33,33,767,703,1497,775,713,1512,3062,2938,41,3713,4754,0,0,0,6,10,25
129,3000,25,0,25,25,768,707,1500,774,711,1515,3063,2937,41,3738,4779,0,0,0,6,10,25
130,2999,30,1,30,31,768,708,1493,773,717,1509,3055,2943,42,3768,4809,0,0,1,6,10,26
131,3000,26,0,25,25,769,711,1494,772,715,1513,3057,2943,42,3793,4835,0,0,0,6,10,26
132,2999,27,1,27,28,767,707,1498,777,711,1511,3065,2933,43,3820,4862,0,0,1,6,10,27
133,3000,32,0,31,31,768,706,1494,778,710,1512,3068,2932,43,3851,4894,0,0,0,6,10,27
134,3000,37,0,37,37,773,701,1489,782,709,1509,3073,2927,43,3888,4931,0,0,0,6,10,27
135,3000,18,0,18,18,776,704,1502,785,707,1508,3078,2922,43,3906,4949,0,0,0,6,10,27
136,2998,28,2,28,30,773,701,1496,781,709,1508,3070,2926,45,3934,4977,1,0,1,7,10,28
137,3000,30,0,28,28,776,699,1495,787,708,1505,3079,2921,45,3962,5007,0,0,0,7,10,28
138,3000,33,0,33,33,777,701,1489,785,710,1505,3075,2925,45,3995,5040,0,0,0,7,10,28
139,3000,24,0,24,24,780,705,1491,787,709,1504,3078,2922,45,4019,5064,0,0,0,7,10,28
140,3000,41,0,41,41,772,698,1489,783,704,1513,3079,2921,45,4060,5105,0,0,0,7,10,28
141,3000,33,0,33,33,772,697,1498,782,703,1515,3079,2921,45,4093,5138,0,0,0,7,10,28
142,3000,31,0,31,31,776,693,1500,783,704,1513,3079,2921,45,4124,5169,0,0,0,7,10,28
143,3000,30,0,30,30,777,699,1494,785,707,1508,3078,2922,45,4154,5199,0,0,0,7,10,28
144,3000,41,0,41,41,774,699,1486,783,709,1508,3074,2926,45,4195,5240,0,0,0,7,10,28
145,3000,30,0,30,30,776,697,1497,784,706,1510,3078,2922,45,4225,5270,0,0,0,7,10,28
146,2999,29,1,29,30,780,696,1494,787,702,1510,3084,2914,46,4254,5299,0,0,1,7,10,29
147,3000,28,0,27,27,782,695,1495,788,701,1511,3087,2913,46,4281,5327,0,0,0,7,10,29
148,2999,31,1,31,32,780,695,1493,790,699,1510,3090,2908,47,4312,5358,1,0,0,8,10,29
149,2999,33,1,32,33,782,692,1492,790,703,1506,3086,2912,48,4344,5391,1,0,0,9,10,29
150,2998,28,2,27,29,779,696,1495,787,704,1507,3081,2915,50,4371,5419,1,0,1,10,10,30
151,2998,33,2,31,33,777,697,1491,787,708,1503,3077,2919,52,4402,5452,0,0,2,10,10,32
152,3000,35,0,33,33,780,698,1487,792,707,1501,3085,2915,52,4435,5487,0,0,0,10,10,32
153,2998,26,2,26,28,781,704,1487,786,710,1502,3074,2922,54,4461,5513,0,0,2,10,10,34
154,2999,39,1,37,38,778,702,1480,794,707,1498,3086,2912,55,4498,5552,0,0,1,10,10,35
155,3000,32,0,31,31,783,700,1485,789,707,1504,3082,2918,55,4529,5584,0,0,0,10,10,35
156,2999,26,0,27,27,783,702,1488,788,706,1505,3081,2917,55,4556,5610,0,0,0,10,10,35
157,3000,45,0,44,44,777,695,1483,786,705,1509,3081,2919,55,4600,5655,0,0,0,10,10,35
158,2999,29,0,30,30,780,702,1488,788,706,1505,3081,2917,55,4630,5684,0,0,0,10,10,35
159,3000,44,0,43,43,776,697,1483,785,710,1505,3075,2925,55,4673,5728,0,0,0,10,10,35
160,3000,37,0,37,37,775,702,1486,785,709,1506,3076,2924,55,4710,5765,0,0,0,10,10,35
161,3000,36,0,36,36,772,704,1488,782,710,1508,3072,2928,55,4746,5801,0,0,0,10,10,35
162,3000,30,0,30,30,773,702,1495,781,710,1509,3071,2929,55,4776,5831,0,0,0,10,10,35
163,3000,32,0,32,32,773,703,1492,782,713,1505,3069,2931,55,4808,5863,0,0,0,10,10,35
164,3000,29,0,29,29,777,707,1487,782,716,1502,3066,2934,55,4837,5892,0,0,0,10,10,35
165,2996,25,4,25,29,777,711,1483,784,715,1497,3065,2927,59,4862,5917,1,0,3,11,10,38
166,3000,28,0,24,24,778,709,1485,788,714,1498,3074,2926,59,4886,5945,0,0,0,11,10,38
167,3000,39,0,39,39,775,707,1479,785,719,1496,3066,2934,59,4925,5984,0,0,0,11,10,38
168,2998,30,1,31,32,777,712,1479,784,721,1493,3061,2935,60,4956,6014,0,0,1,11,10,39
169,3000,34,0,32,32,776,713,1477,792,717,1491,3075,2925,60,4988,6048,0,0,0,11,10,39
170,3000,22,0,22,22,787,713,1478,795,717,1488,3078,2922,60,5010,6070,0,0,0,11,10,39
171,2999,37,1,37,38,785,711,1466,795,716,1488,3078,2920,61,5047,6107,0,0,1,11,10,40
172,3000,36,0,35,35,783,709,1472,793,715,1492,3078,2922,61,5082,6143,0,0,0,11,10,40
173,3000,37,0,37,37,782,708,1473,790,714,1496,3076,2924,61,5119,6180,0,0,0,11,10,40
174,2999,23,1,23,24,781,712,1483,785,717,1497,3067,2931,62,5142,6203,0,0,1,11,10,41
175,2999,25,0,25,25,776,711,1487,783,718,1498,3064,2934,62,5167,6228,0,0,0,11,10,41
176,3000,22,0,21,21,773,714,1491,780,722,1498,3058,2942,62,5188,6250,0,0,0,11,10,41
177,2999,28,1,28,29,770,715,1486,776,722,1501,3053,2945,63,5216,6278,1,0,0,12,10,41
178,3000,25,0,24,24,771,718,1486,777,722,1501,3055,2945,63,5240,6303,0,0,0,12,10,41
179,2999,30,1,30,31,768,715,1486,782,719,1498,3062,2936,64,5270,6333,0,0,1,12,10,42
180,3000,38,0,37,37,773,709,1480,784,720,1496,3064,2936,64,5307,6371,0,0,0,12,10,42
181,2999,27,1,27,28,777,713,1482,786,718,1495,3067,2931,65,5334,6398,0,0,1,12,10,43
182,3000,37,0,36,36,773,712,1478,779,719,1502,3060,2940,65,5370,6435,0,0,0,12,10,43
183,2999,33,1,33,34,768,710,1488,775,719,1505,3055,2943,66,5403,6468,0,0,1,12,10,44
184,3000,21,0,20,20,770,713,1496,775,719,1506,3056,2944,66,5423,6489,0,0,0,12,10,44
185,2998,37,2,37,39,765,711,1485,778,720,1500,3056,2940,68,5460,6526,0,0,2,12,10,46
186,2999,30,1,28,29,775,714,1480,785,718,1496,3066,2932,69,5488,6556,0,0,1,12,10,47
187,3000,25,0,24,24,781,710,1484,788,716,1496,3072,2928,69,5512,6581,0,0,0,12,10,47
188,3000,32,0,32,32,775,711,1482,779,719,1502,3060,2940,69,5544,6613,0,0,0,12,10,47
189,3000,24,0,24,24,772,713,1491,779,720,1501,3059,2941,69,5568,6637,0,0,0,12,10,47
190,2998,30,1,31,32,773,711,1484,779,716,1503,3061,2935,70,5599,6667,0,0,1,12,10,48
191,2999,35,1,33,34,767,709,1488,778,720,1501,3057,2941,71,5632,6702,0,0,1,12,10,49
192,3000,26,0,25,25,773,714,1487,783,718,1499,3065,2935,71,5657,6728,0,0,0,12,10,49
193,3000,35,0,35,35,773,709,1483,786,717,1497,3069,2931,71,5692,6763,0,0,0,12,10,49
194,3000,26,0,26,26,781,713,1480,786,721,1493,3065,2935,71,5718,6789,0,0,0,12,10,49
195,2999,27,1,27,28,778,717,1477,788,719,1492,3068,2930,72,5745,6816,0,0,1,12,10,50
196,3000,31,0,30,30,780,712,1477,786,722,1492,3064,2936,72,5775,6847,0,0,0,12,10,50
197,3000,31,0,31,31,780,714,1475,787,723,1490,3064,2936,72,5806,6878,0,0,0,12,10,50
198,3000,31,0,31,31,779,717,1473,788,724,1488,3064,2936,72,5837,6909,0,0,0,12,10,50
199,3000,34,0,34,34,779,718,1469,785,725,1490,3060,2940,72,5871,6943,0,0,0,12,10,50
200,3000,26,0,26,26,782,715,1477,790,718,1492,3072,2928,72,5897,6969,0,0,0,12,10,50
201,3000,30,0,30,30,788,709,1473,795,718,1487,3077,2923,72,5927,6999,0,0,0,12,10,50
202,2999,26,1,26,27,789,711,1473,799,716,1484,3082,2916,73,5953,7025,0,0,1,12,10,51
203,3000,31,0,30,30,786,712,1471,797,722,1481,3075,2925,73,5983,7056,0,0,0,12,10,51
204,3000,24,0,24,24,791,715,1470,796,722,1482,3074,2926,73,6007,7080,0,0,0,12,10,51
205,3000,27,0,27,27,790,714,1469,796,723,1481,3073,2927,73,6034,7107,0,0,0,12,10,51
206,3000,35,0,35,35,787,716,1462,793,724,1483,3069,2931,73,6069,7142,0,0,0,12,10,51
207,3000,29,0,29,29,785,716,1470,791,721,1488,3070,2930,73,6098,7171,0,0,0,12,10,51
208,3000,36,0,36,36,783,713,1468,795,722,1483,3073,2927,73,6134,7207,0,0,0,12,10,51
209,2999,26,0,27,27,791,714,1468,798,720,1481,3077,2921,73,6161,7233,0,0,0,12,10,51
210,3000,41,0,40,40,787,710,1462,793,724,1483,3069,2931,73,6201,7274,0,0,0,12,10,51
211,3000,31,0,31,31,785,717,1467,794,722,1484,3072,2928,73,6232,7305,0,0,0,12,10,51
212,3000,29,0,29,29,784,713,1474,794,716,1490,3078,2922,73,6261,7334,0,0,0,12,10,51
213,3000,41,0,41,41,786,709,1464,792,720,1488,3072,2928,73,6302,7375,0,0,0,12,10,51
214,2999,21,0,22,22,788,717,1473,789,725,1485,3063,2935,73,6324,7396,0,0,0,12,10,51
215,2999,27,1,26,27,785,721,1466,793,729,1477,3063,2935,74,6350,7423,0,0,1,12,10,52
216,2999,33,0,33,33,785,719,1462,794,723,1482,3070,2928,74,6383,7456,0,0,0,12,10,52
217,3000,35,0,34,34,789,712,1464,799,721,1480,3078,2922,74,6417,7491,0,0,0,12,10,52
218,2999,26,1,26,27,792,719,1462,799,725,1475,3073,2925,75,6443,7517,0,0,1,12,10,53
219,2999,33,1,32,33,791,714,1461,801,721,1477,3079,2919,76,6475,7550,0,0,1,12,10,54
220,2999,31,0,31,31,794,708,1466,802,711,1486,3090,2908,76,6506,7581,0,0,0,12,10,54
221,3000,30,0,29,29,794,704,1472,807,708,1485,3099,2901,76,6535,7611,0,0,0,12,10,54
222,3000,31,0,31,31,798,701,1470,808,708,1484,3100,2900,76,6566,7642,0,0,0,12,10,54
223,2999,31,1,31,32,799,698,1471,806,704,1489,3101,2897,77,6597,7673,0,1,0,12,11,54
224,2999,31,1,30,31,798,695,1475,805,705,1489,3099,2899,78,6627,7704,0,0,1,12,11,55
225,3000,34,0,33,33,800,696,1470,808,706,1486,3102,2898,78,6660,7738,0,0,0,12,11,55
226,3000,26,0,26,26,800,698,1476,807,704,1489,3103,2897,78,6686,7764,0,0,0,12,11,55
227,2999,30,1,30,31,794,698,1477,803,706,1490,3096,2902,79,6716,7794,0,0,1,12,11,56
228,3000,30,0,29,29,796,697,1477,802,706,1492,3096,2904,79,6745,7824,0,0,0,12,11,56
229,2998,35,1,36,37,792,695,1476,800,708,1490,3090,2906,80,6781,7859,0,0,1,12,11,57
230,2998,26,2,24,26,796,703,1473,802,712,1484,3088,2908,82,6805,7885,0,0,2,12,11,59
231,2999,21,1,19,20,797,703,1478,803,710,1486,3092,2906,83,6824,7906,0,1,0,12,12,59
232,3000,32,0,31,31,789,703,1476,795,712,1493,3083,2917,83,6855,7938,0,0,0,12,12,59
233,3000,29,0,29,29,784,708,1479,793,718,1489,3075,2925,83,6884,7967,0,0,0,12,12,59
234,2999,29,0,30,30,785,710,1475,791,718,1490,3072,2926,83,6914,7996,0,0,0,12,12,59
235,3000,27,0,26,26,783,716,1474,788,723,1489,3065,2935,83,6940,8023,0,0,0,12,12,59
236,2999,32,1,32,33,781,715,1471,793,722,1484,3070,2928,84,6972,8055,1,0,0,13,12,59
237,3000,35,0,34,34,781,715,1469,788,727,1485,3061,2939,84,7006,8090,0,0,0,13,12,59
238,3000,34,0,34,34,778,718,1470,785,728,1487,3057,2943,84,7040,8124,0,0,0,13,12,59
239,3000,29,0,29,29,778,723,1470,784,727,1489,3057,2943,84,7069,8153,0,0,0,13,12,59
240,3000,23,0,23,23,779,719,1479,786,725,1489,3061,2939,84,7092,8176,0,0,0,13,12,59
241,3000,33,0,33,33,777,713,1477,787,719,1494,3068,2932,84,7125,8209,0,0,0,13,12,59
242,2999,20,1,20,21,782,714,1483,784,721,1494,3062,2936,85,7145,8229,0,0,1,13,12,60
243,3000,32,0,31,31,776,712,1480,785,721,1494,3064,2936,85,7176,8261,0,0,0,13,12,60
244,2999,26,1,26,27,782,711,1480,789,717,1493,3071,2927,86,7202,8287,0,0,1,13,12,61
245,3000,40,0,39,39,777,709,1474,784,717,1499,3067,2933,86,7241,8327,0,0,0,13,12,61
246,3000,20,0,20,20,779,712,1489,788,715,1497,3073,2927,86,7261,8347,0,0,0,13,12,61
247,2999,29,1,29,30,778,710,1482,785,717,1497,3067,2931,87,7290,8376,0,0,1,13,12,62
248,3000,21,0,20,20,784,708,1487,790,712,1498,3078,2922,87,7310,8397,0,0,0,13,12,62
249,3000,33,0,33,33,782,705,1480,791,712,1497,3079,2921,87,7343,8430,0,0,0,13,12,62
250,2999,44,1,44,45,775,699,1481,787,707,1505,3079,2919,88,7387,8474,1,0,0,14,12,62
251,2999,29,1,28,29,785,694,1491,792,698,1509,3093,2905,89,7415,8503,0,0,1,14,12,63
252,2998,24,1,24,25,784,694,1496,792,701,1505,3089,2907,90,7439,8527,0,0,1,14,12,64
253,3000,31,0,29,29,786,691,1492,791,699,1510,3092,2908,90,7468,8558,0,0,0,14,12,64
254,3000,22,0,22,22,784,696,1498,791,697,1512,3094,2906,90,7490,8580,0,0,0,14,12,64
255,3000,28,0,28,28,782,692,1498,790,700,1510,3090,2910,90,7518,8608,0,0,0,14,12,64
256,2998,35,1,36,37,782,694,1487,797,703,1498,3092,2904,91,7554,8643,0,0,1,14,12,65
257,2999,37,0,36,36,786,693,1483,799,701,1499,3097,2901,91,7590,8680,0,0,0,14,12,65
258,2999,26,1,25,26,791,695,1487,796,697,1506,3098,2900,92,7615,8706,0,0,1,14,12,66
259,2999,32,1,31,32,785,690,1492,794,699,1506,3094,2904,93,7646,8738,1,0,0,15,12,66
260,3000,33,0,32,32,787,692,1488,796,697,1507,3099,2901,93,7678,8771,0,0,0,15,12,66
261,3000,26,0,26,26,786,691,1497,789,704,1507,3085,2915,93,7704,8797,0,0,0,15,12,66
262,3000,25,0,25,25,783,699,1493,792,707,1501,3085,2915,93,7729,8822,0,0,0,15,12,66
263,3000,30,0,30,30,784,701,1485,795,708,1497,3087,2913,93,7759,8852,0,0,0,15,12,66
264,2998,32,0,34,34,788,696,1482,793,703,1502,3088,2908,93,7793,8884,0,0,0,15,12,66
265,2999,43,1,41,42,781,700,1475,787,710,1502,3076,2922,94,7834,8927,0,0,1,15,12,67
266,2998,33,2,32,34,777,698,1490,784,704,1510,3078,2918,96,7866,8960,1,1,0,16,13,67
267,3000,37,0,35,35,776,692,1495,786,698,1516,3088,2912,96,7901,8997,0,0,0,16,13,67
268,3000,30,0,30,30,777,689,1504,786,697,1517,3089,2911,96,7931,9027,0,0,0,16,13,67
269,3000,40,0,40,40,775,689,1496,784,698,1518,3086,2914,96,7971,9067,0,0,0,16,13,67
270,3000,33,0,33,33,773,694,1500,785,698,1517,3087,2913,96,8004,9100,0,0,0,16,13,67
271,3000,34,0,34,34,776,691,1499,781,703,1516,3078,2922,96,8038,9134,0,0,0,16,13,67
272,3000,27,0,27,27,772,701,1500,776,711,1513,3065,2935,96,8065,9161,0,0,0,16,13,67
273,3000,17,0,17,17,769,710,1504,775,713,1512,3062,2938,96,8082,9178,0,0,0,16,13,67
274,3000,32,0,32,32,769,708,1491,775,716,1509,3059,2941,96,8114,9210,0,0,0,16,13,67
275,3000,33,0,33,33,770,706,1491,778,717,1505,3061,2939,96,8147,9243,0,0,0,16,13,67
276,2999,32,1,32,33,767,708,1492,774,717,1508,3056,2942,97,8179,9275,0,0,1,16,13,68
277,3000,27,0,26,26,768,709,1496,775,719,1506,3056,2944,97,8205,9302,0,0,0,16,13,68
278,3000,33,0,33,33,763,712,1492,774,721,1505,3053,2947,97,8238,9335,0,0,0,16,13,68
279,2999,27,1,27,28,764,715,1493,770,723,1506,3046,2952,98,8265,9362,1,0,0,17,13,68
280,2997,29,2,29,31,760,717,1491,767,724,1506,3040,2954,100,8294,9391,2,0,0,19,13,68
281,3000,20,0,17,17,761,720,1499,766,724,1510,3042,2958,100,8311,9411,0,0,0,19,13,68
282,2999,36,1,36,37,759,713,1491,764,725,1510,3038,2960,101,8347,9447,0,0,1,19,13,69
283,3000,34,0,33,33,759,717,1490,766,727,1507,3039,2961,101,8380,9481,0,0,0,19,13,69
284,3000,29,0,29,29,760,721,1490,766,733,1501,3033,2967,101,8409,9510,0,0,0,19,13,69
285,2999,29,0,30,30,761,723,1486,766,733,1500,3032,2966,101,8439,9539,0,0,0,19,13,69
286,2999,28,1,27,28,762,728,1481,768,732,1499,3035,2963,102,8466,9567,0,0,1,19,13,70
287,3000,32,0,31,31,762,727,1479,767,739,1494,3028,2972,102,8497,9599,0,0,0,19,13,70
288,3000,30,0,30,30,757,734,1479,768,743,1489,3025,2975,102,8527,9629,0,0,0,19,13,70
289,3000,31,0,31,31,761,735,1473,770,745,1485,3025,2975,102,8558,9660,0,0,0,19,13,70
290,2999,23,1,23,24,764,737,1475,772,741,1486,3030,2968,103,8581,9683,0,0,1,19,13,71
291,3000,34,0,33,33,769,733,1464,777,745,1478,3032,2968,103,8614,9717,0,0,0,19,13,71
292,3000,37,0,37,37,771,738,1454,784,745,1471,3039,2961,103,8651,9754,0,0,0,19,13,71
293,3000,27,0,27,27,776,740,1457,778,749,1473,3029,2971,103,8678,9781,0,0,0,19,13,71
294,3000,24,0,24,24,771,744,1461,784,746,1470,3038,2962,103,8702,9805,0,0,0,19,13,71
295,3000,31,0,31,31,775,738,1456,782,744,1474,3038,2962,103,8733,9836,0,0,0,19,13,71
296,2999,32,1,32,33,774,738,1455,781,745,1473,3035,2963,104,8765,9868,0,0,1,19,13,72
297,3000,38,0,37,37,769,735,1458,778,744,1478,3034,2966,104,8802,9906,0,0,0,19,13,72
298,3000,29,0,29,29,770,732,1469,775,740,1485,3035,2965,104,8831,9935,0,0,0,19,13,72
299,3000,25,0,25,25,763,736,1476,772,740,1488,3032,2968,104,8856,9960,0,0,0,19,13,72
300,3000,34,0,34,34,769,729,1468,776,742,1482,3034,2966,104,8890,9994,0,0,0,19,13,72
301,3000,28,0,28,28,770,737,1465,782,746,1472,3036,2964,104,8918,10022,0,0,0,19,13,72
302,3000,26,0,26,26,775,742,1457,779,746,1475,3033,2967,104,8944,10048,0,0,0,19,13,72
303,3000,21,0,21,21,771,746,1462,775,751,1474,3024,2976,104,8965,10069,0,0,0,19,13,72
304,3000,32,0,32,32,768,743,1457,783,751,1466,3032,2968,104,8997,10101,0,0,0,19,13,72
305,3000,32,0,32,32,779,741,1448,784,746,1470,3038,2962,104,9029,10133,0,0,0,19,13,72
306,2997,29,0,32,32,774,738,1456,779,744,1474,3032,2962,104,9061,10162,0,0,0,19,13,72
307,2998,28,2,25,27,770,737,1463,778,742,1478,3034,2962,106,9086,10190,0,1,1,19,14,73
308,2999,31,0,30,30,767,738,1463,774,745,1480,3028,2970,106,9116,10221,0,0,0,19,14,73
309,3000,35,0,34,34,767,736,1462,774,743,1483,3031,2969,106,9150,10256,0,0,0,19,14,73
310,2999,29,0,30,30,770,738,1462,774,745,1480,3028,2970,106,9180,10285,0,0,0,19,14,73
311,3000,30,0,29,29,770,734,1466,776,740,1484,3036,2964,106,9209,10315,0,0,0,19,14,73
312,3000,27,0,27,27,771,733,1469,779,742,1479,3037,2963,106,9236,10342,0,0,0,19,14,73
313,3000,29,0,29,29,774,731,1466,781,736,1483,3045,2955,106,9265,10371,0,0,0,19,14,73
314,3000,35,0,35,35,769,735,1461,780,744,1476,3036,2964,106,9300,10406,0,0,0,19,14,73
315,3000,26,0,26,26,776,740,1458,782,746,1472,3036,2964,106,9326,10432,0,0,0,19,14,73
316,2998,26,1,27,28,775,743,1454,780,750,1468,3028,2968,107,9353,10458,0,0,1,19,14,74
317,2999,19,1,17,18,772,747,1461,775,753,1471,3021,2977,108,9370,10477,0,1,0,19,15,74
318,3000,27,0,26,26,767,745,1461,776,754,1470,3022,2978,108,9396,10504,0,0,0,19,15,74
319,3000,27,0,27,27,772,748,1453,775,752,1473,3023,2977,108,9423,10531,0,0,0,19,15,74
320,3000,28,0,28,28,769,747,1456,772,758,1470,3014,2986,108,9451,10559,0,0,0,19,15,74
321,3000,26,0,26,26,763,753,1458,772,758,1470,3014,2986,108,9477,10585,0,0,0,19,15,74
322,2999,32,1,32,33,766,752,1449,775,760,1464,3014,2984,109,9509,10617,1,0,0,20,15,74
323,3000,30,0,29,29,763,756,1451,773,763,1464,3010,2990,109,9538,10647,0,0,0,20,15,74
324,2999,29,1,29,30,770,756,1444,777,765,1457,3011,2987,110,9567,10676,0,0,1,20,15,75
325,3000,35,0,34,34,765,759,1441,778,768,1454,3010,2990,110,9601,10711,0,0,0,20,15,75
326,2999,33,1,33,34,765,764,1437,775,776,1448,2998,3000,111,9634,10744,0,0,1,20,15,76
327,2999,35,1,34,35,763,766,1435,775,775,1449,2999,2999,112,9668,10779,0,1,0,20,16,76
328,2999,26,1,25,26,771,770,1432,780,779,1440,3000,2998,113,9693,10805,0,1,0,20,17,76
329,3000,32,0,31,31,771,775,1422,777,782,1441,2995,3005,113,9724,10837,0,0,0,20,17,76
330,3000,40,0,40,40,765,771,1424,781,783,1436,2998,3002,113,9764,10877,0,0,0,20,17,76
331,3000,27,0,27,27,778,777,1418,790,783,1427,3007,2993,113,9791,10904,0,0,0,20,17,76
332,2999,42,1,42,43,783,774,1400,798,786,1415,3011,2987,114,9833,10946,0,0,1,20,17,77
333,3000,31,0,30,30,788,779,1402,797,786,1417,3011,2989,114,9863,10977,0,0,0,20,17,77
334,3000,28,0,28,28,789,782,1401,798,788,1414,3010,2990,114,9891,11005,0,0,0,20,17,77
335,3000,29,0,29,29,785,781,1405,792,787,1421,3005,2995,114,9920,11034,0,0,0,20,17,77
336,2999,25,0,26,26,787,779,1408,797,785,1417,3011,2987,114,9946,11059,0,0,0,20,17,77
337,2999,27,0,27,27,789,778,1405,794,787,1418,3006,2992,114,9973,11086,0,0,0,20,17,77
338,2999,39,1,38,39,787,775,1398,797,785,1417,3011,2987,115,10011,11125,0,1,0,20,18,77
339,3000,35,0,34,34,787,776,1402,795,786,1419,3009,2991,115,10045,11160,0,0,0,20,18,77
340,3000,38,0,38,38,786,776,1400,795,785,1420,3010,2990,115,10083,11198,0,0,0,20,18,77
341,2999,45,1,45,46,784,769,1401,793,782,1424,3010,2988,116,10128,11243,0,1,0,20,19,77
342,2999,32,0,32,32,782,774,1411,791,785,1423,3005,2993,116,10160,11275,0,0,0,20,19,77
343,3000,18,0,17,17,786,781,1415,789,787,1424,3002,2998,116,10177,11293,0,0,0,20,19,77
344,3000,29,0,29,29,782,781,1408,790,787,1423,3003,2997,116,10206,11322,0,0,0,20,19,77
345,2999,32,1,32,33,780,781,1406,788,792,1419,2995,3003,117,10238,11354,0,0,1,20,19,78
346,2999,30,0,30,30,783,780,1406,790,789,1420,3000,2998,117,10268,11384,0,0,0,20,19,78
347,2999,35,1,34,35,782,779,1403,788,791,1420,2996,3002,118,10302,11419,0,0,1,20,19,79
348,3000,32,0,31,31,782,783,1403,793,792,1415,3001,2999,118,10333,11451,0,0,0,20,19,79
349,2999,29,0,30,30,787,784,1399,794,793,1412,3000,2998,118,10363,11480,0,0,0,20,19,79
350,2999,37,1,36,37,779,785,1398,793,791,1415,3001,2997,119,10399,11517,1,0,0,21,19,79
351,3000,32,0,31,31,785,781,1402,794,788,1418,3006,2994,119,10430,11549,0,0,0,21,19,79
352,3000,30,0,30,30,783,783,1404,789,791,1420,2998,3002,119,10460,11579,0,0,0,21,19,79
353,3000,24,0,24,24,782,783,1411,787,793,1420,2994,3006,119,10484,11603,0,0,0,21,19,79
354,2999,32,1,32,33,782,783,1402,791,793,1415,2997,3001,120,10516,11635,0,1,0,21,20,79
355,2999,20,0,20,20,784,788,1407,790,791,1418,2998,3000,120,10536,11655,0,0,0,21,20,79
356,2999,27,1,26,27,781,784,1407,791,788,1420,3002,2996,121,10562,11682,0,0,1,21,20,80
357,3000,27,0,26,26,784,782,1407,792,788,1420,3004,2996,121,10588,11709,0,0,0,21,20,80
358,2999,23,1,23,24,787,782,1407,800,784,1415,3015,2983,122,10611,11732,0,0,1,21,20,81
359,3000,34,0,33,33,789,778,1399,796,781,1423,3015,2985,122,10644,11766,0,0,0,21,20,81
360,3000,26,0,26,26,793,773,1408,799,780,1421,3019,2981,122,10670,11792,0,0,0,21,20,81
361,3000,28,0,28,28,792,776,1404,798,784,1418,3014,2986,122,10698,11820,0,0,0,21,20,81
362,3000,37,0,37,37,786,770,1407,797,781,1422,3016,2984,122,10735,11857,0,0,0,21,20,81
363,3000,36,0,36,36,791,768,1405,797,777,1426,3020,2980,122,10771,11893,0,0,0,21,20,81
364,3000,40,0,40,40,789,769,1402,798,780,1422,3018,2982,122,10811,11933,0,0,0,21,20,81
365,3000,31,0,31,31,793,775,1401,798,786,1416,3012,2988,122,10842,11964,0,0,0,21,20,81
366,3000,23,0,23,23,794,778,1405,800,782,1418,3018,2982,122,10865,11987,0,0,0,21,20,81
367,2999,32,1,32,33,785,772,1410,790,780,1429,3009,2989,123,10897,12019,1,0,0,22,20,81
368,3000,30,0,29,29,786,773,1411,793,783,1424,3010,2990,123,10926,12049,0,0,0,22,20,81
369,2999,29,1,29,30,789,775,1406,795,783,1421,3011,2987,124,10955,12078,0,0,1,22,20,82
370,2999,25,0,25,25,787,776,1411,793,781,1425,3011,2987,124,10980,12103,0,0,0,22,20,82
371,2999,46,1,45,46,782,771,1400,793,783,1423,3009,2989,125,11025,12149,0,0,1,22,20,83
372,2998,22,2,21,23,789,777,1410,795,782,1421,3011,2985,127,11046,12171,1,0,1,23,20,84
373,2998,24,1,23,24,787,776,1411,795,781,1422,3012,2984,128,11069,12195,0,0,1,23,20,85
374,2998,25,2,23,25,788,773,1412,797,778,1423,3017,2979,130,11092,12220,0,0,2,23,20,87
375,3000,39,0,37,37,789,770,1402,802,785,1413,3017,2983,130,11129,12259,0,0,0,23,20,87
376,3000,28,0,28,28,797,772,1403,802,779,1419,3023,2977,130,11157,12287,0,0,0,23,20,87
377,3000,40,0,40,40,790,767,1403,801,776,1423,3025,2975,130,11197,12327,0,0,0,23,20,87
378,3000,15,0,15,15,798,772,1415,801,778,1421,3023,2977,130,11212,12342,0,0,0,23,20,87
379,2999,21,1,21,22,795,769,1414,798,774,1427,3023,2975,131,11233,12363,0,0,1,23,20,88
380,2999,35,1,34,35,786,769,1409,795,777,1427,3017,2981,132,11267,12398,0,0,1,23,20,89
381,2999,30,0,30,30,788,767,1414,798,776,1425,3021,2977,132,11297,12428,0,0,0,23,20,89
382,2999,25,1,24,25,790,769,1415,801,772,1426,3028,2970,133,11321,12453,0,0,1,23,20,90
383,2999,28,1,27,28,792,767,1412,798,774,1427,3023,2975,134,11348,12481,0,1,0,23,21,90
384,3000,43,0,42,42,785,767,1405,794,777,1429,3017,2983,134,11390,12524,0,0,0,23,21,90
385,2999,35,1,35,36,783,766,1415,794,774,1431,3019,2979,135,11425,12559,0,0,1,23,21,91
386,3000,23,0,22,22,787,769,1421,791,775,1434,3016,2984,135,11447,12582,0,0,0,23,21,91
387,3000,32,0,32,32,782,770,1416,792,774,1434,3018,2982,135,11479,12614,0,0,0,23,21,91
388,3000,23,0,23,23,785,769,1423,790,774,1436,3016,2984,135,11502,12637,0,0,0,23,21,91
389,3000,38,0,38,38,780,766,1416,790,771,1439,3019,2981,135,11540,12675,0,0,0,23,21,91
390,2998,18,2,18,20,787,763,1430,790,768,1440,3020,2976,137,11558,12693,0,1,1,23,22,92
391,3000,30,0,28,28,783,757,1430,792,761,1447,3031,2969,137,11586,12723,0,0,0,23,22,92
392,3000,20,0,20,20,787,756,1437,790,761,1449,3029,2971,137,11606,12743,0,0,0,23,22,92
393,2999,15,1,15,16,784,758,1442,790,763,1446,3026,2972,138,11621,12758,0,0,1,23,22,93
394,2999,31,1,30,31,784,748,1436,793,757,1449,3035,2963,139,11651,12789,0,0,1,23,22,94
395,3000,36,0,35,35,787,751,1426,796,757,1447,3039,2961,139,11686,12825,0,0,0,23,22,94
396,2999,30,1,30,31,784,750,1435,790,758,1451,3031,2967,140,11716,12855,0,0,1,23,22,95
397,2999,34,1,33,34,779,752,1434,792,760,1447,3031,2967,141,11749,12889,0,0,1,23,22,96
398,3000,32,0,31,31,785,755,1428,791,767,1442,3024,2976,141,11780,12921,0,0,0,23,22,96
399,2999,26,1,26,27,789,756,1428,802,761,1436,3040,2958,142,11806,12947,0,1,0,23,23,96
400,3000,37,0,36,36,796,748,1419,804,757,1439,3047,2953,142,11842,12984,0,0,0,23,23,96
401,3000,34,0,34,34,796,750,1420,806,757,1437,3049,2951,142,11876,13018,0,0,0,23,23,96
402,3000,34,0,34,34,798,751,1417,805,762,1433,3043,2957,142,11910,13052,0,0,0,23,23,96
403,3000,28,0,28,28,793,757,1422,800,764,1436,3036,2964,142,11938,13080,0,0,0,23,23,96
404,3000,32,0,32,32,790,759,1419,800,765,1435,3035,2965,142,11970,13112,0,0,0,23,23,96
405,2999,36,1,36,37,793,754,1416,800,761,1438,3038,2960,143,12006,13148,0,0,1,23,23,97
406,3000,30,0,29,29,795,755,1420,803,761,1436,3042,2958,143,12035,13178,0,0,0,23,23,97
407,3000,32,0,32,32,795,750,1423,803,758,1439,3045,2955,143,12067,13210,0,0,0,23,23,97
408,2999,23,0,24,24,796,753,1427,802,760,1437,3041,2957,143,12091,13233,0,0,0,23,23,97
409,2999,23,0,23,23,796,756,1424,801,762,1436,3038,2960,143,12114,13256,0,0,0,23,23,97
410,3000,37,0,36,36,790,749,1424,799,759,1442,3040,2960,143,12150,13293,0,0,0,23,23,97
411,2999,37,1,37,38,788,752,1422,802,759,1438,3042,2956,144,12187,13330,0,0,1,23,23,98
412,3000,27,0,26,26,792,754,1427,801,762,1437,3039,2961,144,12213,13357,0,0,0,23,23,98
413,2998,34,2,34,36,789,755,1420,798,766,1434,3030,2966,146,12247,13391,0,0,2,23,23,100
414,2999,29,1,27,28,791,759,1420,803,765,1431,3037,2961,147,12274,13420,0,0,1,23,23,101
415,3000,38,0,37,37,791,751,1420,806,753,1441,3053,2947,147,12311,13458,0,0,0,23,23,101
416,3000,23,0,23,23,800,748,1429,804,757,1439,3047,2953,147,12334,13481,0,0,0,23,23,101
417,2999,25,1,25,26,800,751,1423,806,755,1438,3050,2948,148,12359,13506,0,0,1,23,23,102
418,2999,28,1,27,28,800,750,1421,809,753,1437,3055,2943,149,12386,13534,1,0,0,24,23,102
419,2999,25,1,24,25,802,748,1424,807,756,1436,3050,2948,150,12410,13559,0,1,0,24,24,102
420,2997,33,3,32,35,795,748,1421,802,758,1437,3041,2953,153,12442,13592,0,1,2,24,25,104
421,3000,29,0,26,26,796,746,1429,803,757,1440,3046,2954,153,12468,13621,0,0,0,24,25,104
422,2999,30,0,31,31,797,747,1425,808,756,1435,3051,2947,153,12499,13651,0,0,0,24,25,104
423,2999,27,0,27,27,802,749,1421,806,758,1435,3047,2951,153,12526,13678,0,0,0,24,25,104
424,3000,32,0,31,31,795,752,1421,807,760,1433,3047,2953,153,12557,13710,0,0,0,24,25,104
425,3000,37,0,37,37,798,753,1412,805,758,1437,3047,2953,153,12594,13747,0,0,0,24,25,104
426,2999,41,1,41,42,794,748,1416,801,756,1442,3044,2954,154,12635,13788,0,1,0,24,26,104
427,3000,32,0,31,31,792,750,1426,799,759,1442,3040,2960,154,12666,13820,0,0,0,24,26,104
428,3000,29,0,29,29,790,750,1431,798,753,1449,3045,2955,154,12695,13849,0,0,0,24,26,104
429,2999,30,1,30,31,792,746,1431,801,752,1446,3048,2950,155,12725,13879,0,1,0,24,27,104
430,3000,32,0,31,31,795,742,1431,805,749,1446,3056,2944,155,12756,13911,0,0,0,24,27,104
431,2999,29,1,29,30,801,742,1427,808,748,1443,3059,2939,156,12785,13940,0,0,1,24,27,105
432,3000,31,0,30,30,800,740,1429,804,750,1446,3054,2946,156,12815,13971,0,0,0,24,27,105
433,3000,36,0,36,36,794,739,1431,802,748,1450,3054,2946,156,12851,14007,0,0,0,24,27,105
434,3000,34,0,34,34,791,739,1436,801,742,1457,3059,2941,156,12885,14041,0,0,0,24,27,105
435,3000,24,0,24,24,796,737,1443,805,741,1454,3064,2936,156,12909,14065,0,0,0,24,27,105
436,3000,28,0,28,28,796,732,1444,802,742,1456,3060,2940,156,12937,14093,0,0,0,24,27,105
437,3000,36,0,36,36,795,731,1438,803,741,1456,3062,2938,156,12973,14129,0,0,0,24,27,105
438,3000,33,0,33,33,795,734,1438,802,746,1452,3056,2944,156,13006,14162,0,0,0,24,27,105
439,3000,34,0,34,34,797,735,1434,801,747,1452,3054,2946,156,13040,14196,0,0,0,24,27,105
440,3000,35,0,35,35,791,741,1433,797,752,1451,3045,2955,156,13075,14231,0,0,0,24,27,105
441,3000,32,0,32,32,789,748,1431,798,760,1442,3038,2962,156,13107,14263,0,0,0,24,27,105
442,3000,39,0,39,39,785,750,1426,794,757,1449,3037,2963,156,13146,14302,0,0,0,24,27,105
443,3000,29,0,29,29,783,753,1435,786,766,1448,3020,2980,156,13175,14331,0,0,0,24,27,105
444,3000,23,0,23,23,780,760,1437,785,764,1451,3021,2979,156,13198,14354,0,0,0,24,27,105
445,2999,37,1,37,38,772,757,1433,781,765,1453,3015,2983,157,13235,14391,0,0,1,24,27,106
446,3000,28,0,27,27,776,759,1437,785,762,1453,3023,2977,157,13262,14419,0,0,0,24,27,106
447,2999,30,1,30,31,776,751,1442,784,757,1458,3026,2972,158,13292,14449,0,1,0,24,28,106
448,3000,33,0,32,32,776,755,1436,782,763,1455,3019,2981,158,13324,14482,0,0,0,24,28,106
449,2999,36,1,36,37,775,753,1435,782,759,1458,3022,2976,159,13360,14518,0,0,1,24,28,107
450,3000,32,0,31,31,769,751,1448,779,761,1460,3018,2982,159,13391,14550,0,0,0,24,28,107
451,2998,25,1,26,27,768,758,1447,770,764,1464,3004,2992,160,13417,14575,0,0,1,24,28,108
452,3000,33,0,31,31,763,760,1444,770,767,1463,3003,2997,160,13448,14608,0,0,0,24,28,108
453,2999,30,1,30,31,765,759,1445,771,765,1463,3005,2993,161,13478,14638,0,0,1,24,28,109
454,3000,32,0,31,31,764,756,1448,771,764,1465,3007,2993,161,13509,14670,0,0,0,24,28,109
455,3000,18,0,18,18,767,761,1454,773,762,1465,3011,2989,161,13527,14688,0,0,0,24,28,109
456,3000,26,0,26,26,766,753,1455,773,760,1467,3013,2987,161,13553,14714,0,0,0,24,28,109
457,3000,27,0,27,27,767,754,1452,773,757,1470,3016,2984,161,13580,14741,0,0,0,24,28,109
458,3000,28,0,28,28,762,750,1460,772,752,1476,3020,2980,161,13608,14769,0,0,0,24,28,109
459,3000,31,0,31,31,763,742,1464,770,749,1481,3021,2979,161,13639,14800,0,0,0,24,28,109
460,3000,24,0,24,24,765,741,1470,770,746,1484,3024,2976,161,13663,14824,0,0,0,24,28,109
461,2999,41,1,41,42,758,734,1466,766,745,1488,3020,2978,162,13704,14865,0,0,1,24,28,110
462,2998,29,1,29,30,757,733,1479,764,740,1494,3022,2974,163,13733,14894,0,1,0,24,29,110
463,2999,28,1,26,27,758,735,1478,771,740,1488,3030,2968,164,13759,14922,1,0,0,25,29,110
464,2999,43,1,42,43,759,733,1464,767,748,1484,3018,2980,165,13801,14965,0,1,0,25,30,110
465,2999,30,1,29,30,761,741,1467,767,749,1483,3017,2981,166,13830,14995,0,0,1,25,30,111
466,3000,30,0,29,29,764,740,1466,768,746,1486,3022,2978,166,13859,15025,0,0,0,25,30,111
467,3000,27,0,27,27,765,740,1468,770,750,1480,3020,2980,166,13886,15052,0,0,0,25,30,111
468,3000,32,0,32,32,764,743,1461,768,754,1478,3014,2986,166,13918,15084,0,0,0,25,30,111
469,3000,26,0,26,26,762,747,1465,767,753,1480,3014,2986,166,13944,15110,0,0,0,25,30,111
470,3000,32,0,32,32,758,746,1464,763,754,1483,3009,2991,166,13976,15142,0,0,0,25,30,111
471,2998,34,2,34,36,755,742,1467,762,753,1483,3007,2989,168,14010,15176,0,0,2,25,30,113
472,3000,37,0,35,35,757,746,1460,766,753,1481,3013,2987,168,14045,15213,0,0,0,25,30,113
473,3000,28,0,28,28,762,746,1464,768,753,1479,3015,2985,168,14073,15241,0,0,0,25,30,113
474,3000,33,0,33,33,761,751,1455,768,761,1471,3007,2993,168,14106,15274,0,0,0,25,30,113
475,2999,24,1,24,25,760,757,1458,764,765,1470,2998,3000,169,14130,15298,1,0,0,26,30,113
476,2999,28,1,27,28,758,756,1457,767,761,1471,3005,2993,170,14157,15326,0,1,0,26,31,113
477,3000,26,0,25,25,759,755,1460,769,761,1470,3008,2992,170,14182,15352,0,0,0,26,31,113
478,2999,25,1,25,26,765,757,1452,774,765,1460,3008,2990,171,14207,15377,0,0,1,26,31,114
479,2999,27,1,26,27,769,759,1444,772,769,1458,3002,2996,172,14233,15404,1,0,0,27,31,114
480,3000,35,0,34,34,760,759,1446,770,767,1463,3003,2997,172,14267,15439,0,0,0,27,31,114
481,2999,36,1,36,37,761,756,1446,768,766,1465,3001,2997,173,14303,15475,1,0,0,28,31,114
482,2999,33,1,32,33,758,756,1452,769,766,1464,3002,2996,174,14335,15508,0,0,1,28,31,115
483,3000,28,0,27,27,758,762,1452,767,769,1464,2998,3002,174,14362,15536,0,0,0,28,31,115
484,2999,24,1,24,25,761,760,1454,764,763,1472,3000,2998,175,14386,15560,0,0,1,28,31,116
485,3000,27,0,26,26,758,753,1462,764,760,1476,3004,2996,175,14412,15587,0,0,0,28,31,116
486,3000,26,0,26,26,754,752,1468,758,760,1482,2998,3002,175,14438,15613,0,0,0,28,31,116
487,2997,25,3,25,28,751,750,1471,754,759,1484,2992,3002,178,14463,15638,1,2,0,29,33,116
488,3000,32,0,29,29,747,749,1472,753,759,1488,2994,3006,178,14492,15670,0,0,0,29,33,116
489,2999,32,1,32,33,748,747,1472,753,752,1494,3000,2998,179,14524,15702,0,0,1,29,33,117
490,3000,28,0,27,27,746,749,1477,750,757,1493,2993,3007,179,14551,15730,0,0,0,29,33,117
491,3000,27,0,27,27,745,753,1475,755,758,1487,2997,3003,179,14578,15757,0,0,0,29,33,117
492,2999,28,1,28,29,748,753,1470,757,757,1485,2999,2999,180,14606,15785,1,0,0,30,33,117
493,3000,26,0,25,25,748,753,1473,757,758,1485,2999,3001,180,14631,15811,0,0,0,30,33,117
494,2999,27,1,27,28,750,754,1468,756,760,1483,2995,3003,181,14658,15838,0,0,1,30,33,118
495,3000,23,0,22,22,750,751,1476,755,757,1488,2998,3002,181,14680,15861,0,0,0,30,33,118
496,3000,22,0,22,22,752,750,1476,759,754,1487,3005,2995,181,14702,15883,0,0,0,30,33,118
497,3000,36,0,36,36,751,748,1465,757,755,1488,3002,2998,181,14738,15919,0,0,0,30,33,118
498,3000,36,0,36,36,749,747,1468,754,760,1486,2994,3006,181,14774,15955,0,0,0,30,33,118
499,3000,31,0,31,31,750,750,1469,755,761,1484,2994,3006,181,14805,15986,0,0,0,30,33,118
500,3000,27,0,27,27,748,754,1471,751,763,1486,2988,3012,181,14832,16013,0,0,0,30,33,118
501,2999,28,0,29,29,740,753,1478,748,762,1489,2985,3013,181,14861,16041,0,0,0,30,33,118
502,3000,27,0,26,26,739,754,1480,749,762,1489,2987,3013,181,14887,16068,0,0,0,30,33,118
503,3000,42,0,42,42,741,747,1470,746,758,1496,2988,3012,181,14929,16110,0,0,0,30,33,118
504,3000,29,0,29,29,735,747,1489,744,752,1504,2992,3008,181,14958,16139,0,0,0,30,33,118
505,3000,31,0,31,31,737,745,1487,742,753,1505,2989,3011,181,14989,16170,0,0,0,30,33,118
506,2998,35,1,36,37,735,742,1486,743,747,1508,2994,3002,182,15025,16205,0,0,1,30,33,119
507,3000,27,0,25,25,735,741,1497,743,746,1511,2997,3003,182,15050,16232,0,0,0,30,33,119
508,2998,31,2,31,33,732,735,1500,738,743,1517,2993,3003,184,15081,16263,0,1,1,30,34,120
509,2999,33,0,32,32,728,738,1500,743,743,1513,2999,2999,184,15113,16296,0,0,0,30,34,120
510,3000,29,0,28,28,733,738,1500,741,747,1512,2994,3006,184,15141,16325,0,0,0,30,34,120
511,3000,16,0,16,16,736,744,1504,741,748,1511,2993,3007,184,15157,16341,0,0,0,30,34,120
512,2999,34,1,34,35,731,739,1495,743,744,1512,2998,3000,185,15191,16375,1,0,0,31,34,120
513,3000,35,0,34,34,735,736,1494,744,747,1509,2997,3003,185,15225,16410,0,0,0,31,34,120
514,3000,27,0,27,27,739,740,1494,748,746,1506,3002,2998,185,15252,16437,0,0,0,31,34,120
515,2999,25,1,25,26,745,734,1495,752,744,1503,3007,2991,186,15277,16462,0,0,1,31,34,121
516,3000,42,0,41,41,738,741,1479,750,750,1500,3000,3000,186,15318,16504,0,0,0,31,34,121
517,2999,22,1,22,23,743,747,1487,748,750,1501,2997,3001,187,15340,16526,1,0,0,32,34,121
518,3000,32,0,31,31,739,745,1484,743,756,1501,2987,3013,187,15371,16558,0,0,0,32,34,121
519,3000,26,0,26,26,735,752,1487,739,761,1500,2978,3022,187,15397,16584,0,0,0,32,34,121
520,2997,29,3,29,32,731,755,1482,739,763,1495,2973,3021,190,15426,16613,1,1,1,33,35,122
521,3000,36,0,33,33,730,752,1482,739,763,1498,2976,3024,190,15459,16649,0,0,0,33,35,122
522,2999,33,0,34,34,731,755,1480,742,760,1497,2981,3017,190,15493,16682,0,0,0,33,35,122
523,2998,22,1,22,23,734,755,1487,739,762,1497,2975,3021,191,15515,16704,0,1,0,33,36,122
524,2998,41,2,39,41,728,749,1480,736,761,1501,2973,3023,193,15554,16745,0,0,2,33,36,124
525,2999,45,1,43,44,728,748,1478,740,760,1499,2979,3019,194,15597,16790,0,1,0,33,37,124
526,3000,38,0,37,37,731,750,1481,738,761,1501,2977,3023,194,15634,16828,0,0,0,33,37,124
527,2999,21,1,21,22,733,757,1488,737,761,1501,2975,3023,195,15655,16849,0,0,1,33,37,125
528,3000,29,0,28,28,731,756,1484,739,764,1497,2975,3025,195,15683,16878,0,0,0,33,37,125
529,2999,35,1,35,36,733,757,1474,745,764,1490,2980,3018,196,15718,16913,0,0,1,33,37,126
530,2999,30,0,30,30,737,754,1478,740,765,1494,2974,3024,196,15748,16943,0,0,0,33,37,126
531,2999,39,1,38,39,729,755,1476,741,769,1489,2971,3027,197,15786,16982,0,0,1,33,37,127
532,3000,38,0,37,37,731,761,1470,745,770,1485,2975,3025,197,15823,17020,0,0,0,33,37,127
533,3000,31,0,31,31,738,762,1469,746,776,1478,2970,3030,197,15854,17051,0,0,0,33,37,127
534,3000,35,0,35,35,741,765,1459,749,772,1479,2977,3023,197,15889,17086,0,0,0,33,37,127
535,3000,37,0,37,37,740,761,1462,747,773,1480,2974,3026,197,15926,17123,0,0,0,33,37,127
536,3000,33,0,33,33,742,765,1460,751,772,1477,2979,3021,197,15959,17156,0,0,0,33,37,127
537,2999,33,1,33,34,740,763,1463,745,774,1480,2970,3028,198,15992,17189,1,0,0,34,37,127
538,2999,44,1,43,44,727,767,1461,732,781,1486,2950,3048,199,16035,17233,0,1,0,34,38,127
539,3000,30,0,29,29,725,774,1471,731,785,1484,2946,3054,199,16064,17263,0,0,0,34,38,127
540,3000,22,0,22,22,727,781,1470,735,784,1481,2951,3049,199,16086,17285,0,0,0,34,38,127
541,2999,27,1,27,28,725,778,1469,730,783,1486,2946,3052,200,16113,17312,0,0,1,34,38,128
542,3000,18,0,17,17,725,780,1477,731,784,1485,2947,3053,200,16130,17330,0,0,0,34,38,128
543,3000,24,0,24,24,724,779,1473,725,788,1487,2937,3063,200,16154,17354,0,0,0,34,38,128
544,3000,33,0,33,33,720,781,1466,728,787,1485,2941,3059,200,16187,17387,0,0,0,34,38,128
545,2999,26,1,26,27,723,773,1477,729,777,1493,2951,3047,201,16213,17413,0,1,0,34,39,128
546,3000,27,0,26,26,722,770,1481,727,777,1496,2950,3050,201,16239,17440,0,0,0,34,39,128
547,3000,19,0,19,19,722,772,1487,722,778,1500,2944,3056,201,16258,17459,0,0,0,34,39,128
548,3000,40,0,40,40,717,770,1473,728,780,1492,2948,3052,201,16298,17499,0,0,0,34,39,128
549,2998,28,2,28,30,722,774,1474,729,784,1485,2943,3053,203,16326,17527,0,0,2,34,39,130
550,3000,33,0,31,31,721,777,1469,728,785,1487,2943,3057,203,16357,17560,0,0,0,34,39,130
551,3000,28,0,28,28,723,775,1474,729,782,1489,2947,3053,203,16385,17588,0,0,0,34,39,130
552,3000,25,0,25,25,723,776,1476,726,785,1489,2941,3059,203,16410,17613,0,0,0,34,39,130
553,3000,39,0,39,39,715,777,1469,727,786,1487,2941,3059,203,16449,17652,0,0,0,34,39,130
554,3000,36,0,36,36,719,779,1466,726,790,1484,2936,3064,203,16485,17688,0,0,0,34,39,130
555,2999,37,1,37,38,720,776,1466,726,784,1489,2941,3057,204,16522,17725,0,1,0,34,40,130
556,3000,28,0,27,27,721,778,1473,729,785,1486,2944,3056,204,16549,17753,0,0,0,34,40,130
557,2998,36,2,36,38,720,776,1466,728,786,1484,2940,3056,206,16585,17789,0,1,1,34,41,131
558,3000,32,0,30,30,716,781,1471,723,791,1486,2932,3068,206,16615,17821,0,0,0,34,41,131
559,3000,32,0,32,32,712,784,1472,721,794,1485,2927,3073,206,16647,17853,0,0,0,34,41,131
560,3000,33,0,33,33,709,786,1472,715,792,1493,2923,3077,206,16680,17886,0,0,0,34,41,131
561,3000,31,0,31,31,710,784,1475,717,794,1489,2923,3077,206,16711,17917,0,0,0,34,41,131
562,2998,30,1,31,32,710,788,1470,718,798,1482,2918,3078,207,16742,17947,1,0,0,35,41,131
563,3000,34,0,32,32,714,786,1466,724,796,1480,2928,3072,207,16774,17981,0,0,0,35,41,131
564,3000,31,0,31,31,713,789,1467,718,798,1484,2920,3080,207,16805,18012,0,0,0,35,41,131
565,3000,20,0,20,20,714,794,1472,720,800,1480,2920,3080,207,16825,18032,0,0,0,35,41,131
566,2999,27,1,27,28,713,790,1469,721,797,1481,2923,3075,208,16852,18059,0,0,1,35,41,132
567,3000,27,0,26,26,714,788,1471,727,794,1479,2933,3067,208,16878,18086,0,0,0,35,41,132
568,3000,39,0,39,39,717,784,1460,724,791,1485,2933,3067,208,16917,18125,0,0,0,35,41,132
569,2999,28,1,28,29,718,779,1474,726,785,1488,2940,3058,209,16945,18153,0,0,1,35,41,133
570,2999,25,1,24,25,718,779,1477,725,784,1490,2940,3058,210,16969,18178,0,0,1,35,41,134
571,3000,35,0,34,34,718,776,1471,722,786,1492,2936,3064,210,17003,18213,0,0,0,35,41,134
572,3000,31,0,31,31,716,779,1474,724,788,1488,2936,3064,210,17034,18244,0,0,0,35,41,134
573,3000,29,0,29,29,718,780,1473,728,787,1485,2941,3059,210,17063,18273,0,0,0,35,41,134
574,3000,31,0,31,31,715,782,1472,723,790,1487,2933,3067,210,17094,18304,0,0,0,35,41,134
575,2999,30,1,30,31,715,782,1472,722,794,1483,2927,3071,211,17124,18334,0,0,1,35,41,135
576,2999,26,1,25,26,711,788,1474,716,796,1487,2919,3079,212,17149,18360,0,0,1,35,41,136
577,3000,29,0,28,28,708,790,1473,719,798,1483,2921,3079,212,17177,18389,0,0,0,35,41,136
578,3000,33,0,33,33,711,787,1469,720,795,1485,2925,3075,212,17210,18422,0,0,0,35,41,136
579,3000,22,0,22,22,714,790,1474,717,796,1487,2921,3079,212,17232,18444,0,0,0,35,41,136
580,2999,32,1,32,33,711,783,1473,717,789,1493,2927,3071,213,17264,18476,0,1,0,35,42,136
581,2999,21,1,20,21,709,783,1486,712,791,1496,2920,3078,214,17284,18497,0,0,1,35,42,137
582,3000,28,0,27,27,704,781,1487,710,785,1505,2925,3075,214,17311,18525,0,0,0,35,42,137
583,2999,33,1,33,34,701,778,1487,707,786,1506,2920,3078,215,17344,18558,0,0,1,35,42,138
584,3000,30,0,29,29,700,778,1492,707,785,1508,2922,3078,215,17373,18588,0,0,0,35,42,138
585,3000,30,0,30,30,698,778,1494,705,784,1511,2921,3079,215,17403,18618,0,0,0,35,42,138
586,3000,26,0,26,26,699,779,1496,706,785,1509,2921,3079,215,17429,18644,0,0,0,35,42,138
587,3000,27,0,27,27,703,782,1488,707,792,1501,2915,3085,215,17456,18671,0,0,0,35,42,138
588,3000,35,0,35,35,699,781,1485,705,795,1500,2910,3090,215,17491,18706,0,0,0,35,42,138
589,3000,31,0,31,31,697,787,1485,703,794,1503,2909,3091,215,17522,18737,0,0,0,35,42,138
590,3000,41,0,41,41,691,783,1485,699,793,1508,2906,3094,215,17563,18778,0,0,0,35,42,138
591,3000,21,0,21,21,694,789,1496,697,797,1506,2900,3100,215,17584,18799,0,0,0,35,42,138
592,2999,39,0,40,40,690,787,1483,704,797,1498,2906,3092,215,17624,18838,0,0,0,35,42,138
593,2998,27,2,26,28,697,786,1488,702,794,1502,2906,3090,217,17650,18865,1,0,1,36,42,139
594,3000,36,0,34,34,696,783,1485,702,798,1500,2904,3096,217,17684,18901,0,0,0,36,42,139
595,2999,25,1,25,26,699,791,1484,704,797,1498,2906,3092,218,17709,18926,1,0,0,37,42,139
596,3000,31,0,30,30,698,791,1480,705,799,1496,2906,3094,218,17739,18957,0,0,0,37,42,139
597,3000,30,0,30,30,697,789,1484,703,801,1496,2902,3098,218,17769,18987,0,0,0,37,42,139
598,3000,27,0,27,27,695,792,1486,699,804,1497,2895,3105,218,17796,19014,0,0,0,37,42,139
599,2999,42,1,42,43,689,787,1481,698,798,1503,2899,3099,219,17838,19056,0,0,1,37,42,140
600,3000,33,0,32,32,694,792,1481,700,800,1500,2900,3100,219,17870,19089,0,0,0,37,42,140
601,3000,29,0,29,29,689,796,1486,695,805,1500,2890,3110,219,17899,19118,0,0,0,37,42,140
602,2999,40,1,40,41,688,795,1476,695,805,1499,2889,3109,220,17939,19158,0,0,1,37,42,141
603,2999,28,1,27,28,690,794,1487,693,804,1502,2888,3110,221,17966,19186,1,0,0,38,42,141
604,3000,33,0,32,32,685,796,1486,691,808,1501,2883,3117,221,17998,19219,0,0,0,38,42,141
605,3000,30,0,30,30,685,800,1485,691,810,1499,2881,3119,221,18028,19249,0,0,0,38,42,141
606,3000,26,0,26,26,683,801,1490,688,806,1506,2882,3118,221,18054,19275,0,0,0,38,42,141
607,2999,41,1,41,42,678,790,1490,686,803,1510,2882,3116,222,18095,19316,1,0,0,39,42,141
608,3000,36,0,35,35,677,796,1491,691,806,1503,2885,3115,222,18130,19352,0,0,0,39,42,141
609,2999,32,0,33,33,681,796,1490,689,807,1503,2881,3117,222,18163,19384,0,0,0,39,42,141
610,3000,31,0,30,30,681,797,1491,686,808,1506,2878,3122,222,18193,19415,0,0,0,39,42,141
611,3000,30,0,30,30,681,795,1494,691,803,1506,2888,3112,222,18223,19445,0,0,0,39,42,141
612,2998,28,1,29,30,687,791,1492,693,799,1506,2892,3104,223,18252,19473,0,0,1,39,42,142
613,2999,30,1,28,29,685,794,1490,693,802,1504,2890,3108,224,18280,19503,0,1,0,39,43,142
614,3000,34,0,33,33,688,795,1483,697,808,1495,2889,3111,224,18313,19537,0,0,0,39,43,142
615,2999,24,1,24,25,688,803,1484,691,808,1500,2882,3116,225,18337,19561,0,0,1,39,43,143
616,2998,35,1,35,36,682,798,1483,693,811,1494,2880,3116,226,18372,19596,0,1,0,39,44,143
617,3000,18,0,16,16,689,805,1488,696,810,1494,2886,3114,226,18388,19614,0,0,0,39,44,143
618,3000,28,0,28,28,691,803,1478,699,808,1493,2891,3109,226,18416,19642,0,0,0,39,44,143
619,2999,31,1,31,32,690,800,1478,701,809,1489,2891,3107,227,18447,19673,0,0,1,39,44,144
620,2999,30,0,30,30,696,798,1475,703,805,1491,2897,3101,227,18477,19703,0,0,0,39,44,144
621,2999,25,1,24,25,697,796,1481,701,809,1489,2891,3107,228,18501,19728,0,0,1,39,44,145
622,3000,45,0,44,44,687,800,1468,696,813,1491,2883,3117,228,18545,19773,0,0,0,39,44,145
623,3000,28,0,28,28,692,806,1474,699,812,1489,2887,3113,228,18573,19801,0,0,0,39,44,145
624,3000,34,0,34,34,691,802,1473,696,810,1494,2886,3114,228,18607,19835,0,0,0,39,44,145
625,3000,33,0,33,33,692,798,1477,703,803,1494,2900,3100,228,18640,19868,0,0,0,39,44,145
626,2998,28,1,29,30,700,791,1479,704,799,1495,2903,3093,229,18669,19896,0,0,1,39,44,146
627,2997,41,2,40,42,691,790,1475,701,806,1490,2892,3102,231,18709,19937,0,0,2,39,44,148
628,3000,39,0,36,36,691,802,1468,698,812,1490,2886,3114,231,18745,19976,0,0,0,39,44,148
629,3000,27,0,27,27,689,805,1479,700,808,1492,2892,3108,231,18772,20003,0,0,0,39,44,148
630,3000,31,0,31,31,695,797,1477,701,805,1494,2896,3104,231,18803,20034,0,0,0,39,44,148
631,2999,29,1,29,30,690,798,1482,695,809,1495,2885,3113,232,18832,20063,1,0,0,40,44,148
632,2999,37,1,36,37,686,799,1477,694,810,1495,2883,3115,233,18868,20100,0,1,0,40,45,148
633,3000,31,0,30,30,682,804,1483,687,809,1504,2878,3122,233,18898,20131,0,0,0,40,45,148
634,3000,25,0,25,25,682,801,1492,686,808,1506,2878,3122,233,18923,20156,0,0,0,40,45,148
635,2999,31,1,31,32,680,800,1488,686,810,1503,2875,3123,234,18954,20187,0,0,1,40,45,149
636,3000,32,0,31,31,680,802,1486,687,809,1504,2878,3122,234,18985,20219,0,0,0,40,45,149
637,3000,29,0,29,29,678,805,1488,685,812,1503,2873,3127,234,19014,20248,0,0,0,40,45,149
638,2999,25,0,26,26,679,804,1491,689,807,1503,2881,3117,234,19040,20273,0,0,0,40,45,149
639,2999,32,1,31,32,683,799,1485,692,801,1506,2890,3108,235,19071,20305,0,1,0,40,46,149
640,2999,23,1,22,23,688,792,1496,696,796,1507,2899,3099,236,19093,20328,0,0,1,40,46,150
641,2999,35,1,34,35,692,786,1486,699,795,1505,2903,3095,237,19127,20363,0,0,1,40,46,151
642,2999,30,1,29,30,690,783,1496,696,791,1512,2904,3094,238,19156,20393,1,0,0,41,46,151
643,2999,28,0,28,28,690,786,1495,696,793,1510,2902,3096,238,19184,20421,0,0,0,41,46,151
644,3000,34,0,33,33,689,782,1495,695,788,1517,2907,3093,238,19217,20455,0,0,0,41,46,151
645,3000,29,0,29,29,688,780,1503,694,787,1519,2907,3093,238,19246,20484,0,0,0,41,46,151
646,3000,28,0,28,28,686,779,1507,694,785,1521,2909,3091,238,19274,20512,0,0,0,41,46,151
647,2998,30,2,30,32,687,777,1504,694,788,1516,2904,3092,240,19304,20542,0,1,1,41,47,152
648,3000,31,0,29,29,686,781,1502,698,789,1513,2909,3091,240,19333,20573,0,0,0,41,47,152
649,3000,29,0,29,29,691,781,1499,693,793,1514,2900,3100,240,19362,20602,0,0,0,41,47,152
650,3000,39,0,39,39,685,780,1496,699,791,1510,2908,3092,240,19401,20641,0,0,0,41,47,152
651,3000,31,0,31,31,693,781,1495,702,794,1504,2908,3092,240,19432,20672,0,0,0,41,47,152
652,3000,32,0,32,32,690,788,1490,695,798,1507,2897,3103,240,19464,20704,0,0,0,41,47,152
653,2999,27,0,28,28,689,791,1492,695,798,1506,2896,3102,240,19492,20731,0,0,0,41,47,152
654,2998,20,1,20,21,692,794,1492,698,800,1500,2896,3100,241,19512,20751,0,0,1,41,47,153
655,3000,33,0,31,31,694,788,1485,700,799,1501,2901,3099,241,19543,20784,0,0,0,41,47,153
656,2999,30,0,31,31,697,786,1486,705,795,1499,2909,3089,241,19574,20814,0,0,0,41,47,153
657,3000,31,0,30,30,700,785,1484,705,795,1500,2910,3090,241,19604,20845,0,0,0,41,47,153
658,3000,38,0,38,38,697,787,1478,704,799,1497,2905,3095,241,19642,20883,0,0,0,41,47,153
659,3000,34,0,34,34,698,791,1477,705,800,1495,2905,3095,241,19676,20917,0,0,0,41,47,153
660,3000,23,0,23,23,703,793,1481,713,796,1491,2917,3083,241,19699,20940,0,0,0,41,47,153
661,2999,42,1,42,43,702,782,1473,712,788,1499,2923,3075,242,19741,20982,0,1,0,41,48,153
662,3000,42,0,41,41,703,776,1479,711,788,1501,2923,3077,242,19782,21024,0,0,0,41,48,153
663,2999,34,0,35,35,702,777,1486,711,787,1501,2923,3075,242,19817,21058,0,0,0,41,48,153
664,3000,23,0,22,22,707,783,1487,710,788,1502,2922,3078,242,19839,21081,0,0,0,41,48,153
665,3000,21,0,21,21,705,787,1487,710,794,1496,2916,3084,242,19860,21102,0,0,0,41,48,153
666,2998,28,1,29,30,703,787,1480,710,794,1494,2914,3082,243,19889,21130,0,0,1,41,48,154
667,3000,30,0,28,28,699,787,1484,710,797,1493,2913,3087,243,19917,21160,0,0,0,41,48,154
668,3000,31,0,31,31,697,790,1482,700,795,1505,2905,3095,243,19948,21191,0,0,0,41,48,154
669,3000,26,0,26,26,696,786,1492,702,793,1505,2909,3091,243,19974,21217,0,0,0,41,48,154
670,3000,39,0,39,39,691,782,1488,703,793,1504,2910,3090,243,20013,21256,0,0,0,41,48,154
671,3000,26,0,26,26,692,787,1495,696,793,1511,2903,3097,243,20039,21282,0,0,0,41,48,154
672,2999,32,1,32,33,688,786,1493,697,791,1511,2905,3093,244,20071,21314,0,1,0,41,49,154
673,3000,32,0,31,31,690,787,1491,700,794,1506,2906,3094,244,20102,21346,0,0,0,41,49,154
674,3000,33,0,33,33,693,790,1484,701,798,1501,2903,3097,244,20135,21379,0,0,0,41,49,154
675,2999,26,1,26,27,695,789,1489,704,795,1500,2908,3090,245,20161,21405,0,0,1,41,49,155
676,2999,23,1,22,23,698,790,1488,699,796,1504,2902,3096,246,20183,21428,0,1,0,41,50,155
677,3000,25,0,24,24,696,786,1493,702,793,1505,2909,3091,246,20207,21453,0,0,0,41,50,155
678,2999,31,1,31,32,694,783,1491,699,789,1511,2909,3089,247,20238,21484,1,0,0,42,50,155
679,2999,31,1,30,31,691,784,1493,695,789,1515,2905,3093,248,20268,21515,0,0,1,42,50,156
680,2998,26,1,26,27,688,779,1505,692,785,1521,2905,3091,249,20294,21541,0,1,0,42,51,156
681,3000,30,0,28,28,685,772,1513,691,777,1532,2914,3086,249,20322,21571,0,0,0,42,51,156
682,2999,30,1,30,31,684,768,1517,691,779,1529,2911,3087,250,20352,21601,0,1,0,42,52,156
683,3000,33,0,32,32,686,772,1509,687,781,1532,2906,3094,250,20384,21634,0,0,0,42,52,156
684,3000,30,0,30,30,681,773,1516,688,783,1529,2905,3095,250,20414,21664,0,0,0,42,52,156
685,3000,32,0,32,32,683,773,1512,695,781,1524,2914,3086,250,20446,21696,0,0,0,42,52,156
686,2999,27,1,27,28,687,773,1512,692,777,1530,2914,3084,251,20473,21723,0,0,1,42,52,157
687,3000,28,0,27,27,680,774,1518,684,786,1530,2898,3102,251,20500,21751,0,0,0,42,52,157
688,3000,30,0,30,30,680,778,1512,686,786,1528,2900,3100,251,20530,21781,0,0,0,42,52,157
689,3000,25,0,25,25,676,778,1521,683,783,1534,2900,3100,251,20555,21806,0,0,0,42,52,157
690,3000,29,0,29,29,680,777,1514,685,783,1532,2902,3098,251,20584,21835,0,0,0,42,52,157
691,3000,25,0,25,25,679,778,1518,688,784,1528,2904,3096,251,20609,21860,0,0,0,42,52,157
692,2999,33,1,33,34,681,776,1509,687,784,1528,2902,3096,252,20642,21893,0,1,0,42,53,157
693,2998,31,1,31,32,680,776,1511,688,781,1529,2905,3091,253,20673,21924,0,0,1,42,53,158
694,3000,37,0,35,35,679,776,1508,686,785,1529,2901,3099,253,20708,21961,0,0,0,42,53,158
695,2999,28,1,28,29,681,774,1516,685,782,1532,2902,3096,254,20736,21989,0,1,0,42,54,158
696,2999,26,1,25,26,680,774,1519,685,785,1529,2899,3099,255,20761,22015,0,1,0,42,55,158
697,2999,29,1,28,29,677,770,1523,685,777,1537,2907,3091,256,20789,22044,0,0,1,42,55,159
698,2999,34,1,33,34,677,767,1521,687,776,1536,2910,3088,257,20822,22078,0,0,1,42,55,160
699,3000,27,0,26,26,680,769,1524,689,774,1537,2915,3085,257,20848,22105,0,0,0,42,55,160
700,3000,39,0,39,39,681,762,1518,690,771,1539,2919,3081,257,20887,22144,0,0,0,42,55,160
701,2999,31,1,31,32,678,762,1528,683,775,1541,2907,3091,258,20918,22175,0,0,1,42,55,161
702,2999,24,1,23,24,676,771,1528,678,776,1545,2901,3097,259,20941,22199,0,0,1,42,55,162
703,2999,23,1,22,23,674,772,1530,677,779,1543,2897,3101,260,20963,22222,1,0,0,43,55,162
704,2998,34,1,34,35,671,768,1525,676,781,1541,2893,3103,261,20997,22256,0,0,1,43,55,163
705,3000,27,0,25,25,669,776,1528,671,784,1545,2887,3113,261,21022,22283,0,0,0,43,55,163
706,2999,27,0,28,28,663,778,1531,666,786,1547,2879,3119,261,21050,22310,0,0,0,43,55,163
707,3000,36,0,35,35,658,775,1531,663,782,1555,2881,3119,261,21085,22346,0,0,0,43,55,163
708,2998,26,1,27,28,661,770,1541,666,779,1553,2885,3111,262,21112,22372,0,0,1,43,55,164
709,2999,36,1,34,35,661,770,1532,666,781,1552,2884,3114,263,21146,22408,1,0,0,44,55,164
710,3000,24,0,23,23,660,777,1539,664,785,1551,2879,3121,263,21169,22432,0,0,0,44,55,164
711,3000,29,0,29,29,659,780,1532,668,786,1546,2882,3118,263,21198,22461,0,0,0,44,55,164
712,3000,31,0,31,31,664,777,1528,674,786,1540,2888,3112,263,21229,22492,0,0,0,44,55,164
713,3000,38,0,38,38,659,779,1524,668,789,1543,2879,3121,263,21267,22530,0,0,0,44,55,164
714,2998,25,1,26,27,665,778,1530,674,781,1543,2891,3105,264,21293,22555,0,0,1,44,55,165
715,3000,37,0,35,35,666,772,1525,682,784,1534,2898,3102,264,21328,22592,0,0,0,44,55,165
716,3000,24,0,24,24,677,778,1521,683,784,1533,2899,3101,264,21352,22616,0,0,0,44,55,165
717,2997,35,2,36,38,676,774,1512,681,783,1533,2895,3099,266,21388,22651,0,0,2,44,55,167
718,3000,40,0,37,37,672,775,1513,681,785,1534,2896,3104,266,21425,22691,0,0,0,44,55,167
719,2999,32,1,32,33,675,778,1514,688,786,1525,2901,3097,267,21457,22723,0,0,1,44,55,168
720,3000,29,0,28,28,681,779,1511,689,786,1525,2903,3097,267,21485,22752,0,0,0,44,55,168
